channel_name,description,channel_id,created_at,subscribers,total_views,total_videos,estimated_monthly_views,estimated_monthly_revenue_idr
POJOK MUNGGUR,"Selamat datang

Semoga terhibur dengan konten konten yang kami sajikan

Terima kasih",UCHlu9781RYVK5QMD-15DMyQ,2023-06-07 07:33:04,"5,610","1,882,371",243,"56,415","Rp 874,428"
GLOBAL TAWANGSARI,,UCGPe3AZWLc6lN5oBdUnywWw,2018-01-03 08:20:26,"15,800","5,232,356",415,"52,639","Rp 815,911"
SDN 01 KEDUNGJERUK,,UC-ibxyW-9MylEsD7M1LGY2Q,2022-06-10 14:02:41,419,"117,608",50,"2,589","Rp 40,123"
TAMANSARI ,"Selamat datang di YouTube.TAMANSARI.Tutorial bermacam pembahasan keseharian.Berkebun kopi.tentang cerita hari ke hari, cerita budidaya perkembangan stek sambung pucuk pada kopi.cara perawatan pada tanaman,dan membasmi hama tanaman.cerita keseharian.berbagi mutipasi kepada rekan rekan yang mau membangun usaha nya.

1,Bila ada masalah serupa dengan usaha anda
Silahkan tanya pasti akan ada solusi nya.
 2,kami ingin berusaha mencari perubahan dan peluang usaha bisnis untuk maju lebih berkembang.
3, terimakasih atas kunjungan Anda kami nanti kedatangan anda di lain waktu, jangan lupa untuk,laik, komentar, sobsrekbe,aktip kan lunceng nutivfikasi nya.
TERIMAKASIH telah atas kunjungan dan dukungan Anda.",UCgxz5yLeYG7S10kkxZ39CEA,2024-06-20 18:34:57,91,"50,981",61,"2,459","Rp 38,113"
plkb jenawi,,UCMoYe9WWOZFbzpNst9eXLtw,2020-03-11 05:03:59,"1,560","177,432",61,"2,437","Rp 37,777"
Mas bayan munggur,"Chanel ini menayangkan video campuran lagu2 jawa ,budaya jawa dan vlog makanan 
Dan juga sholawat nabi 
Serta syiiran juga kata2 motivasi dan spot healing dan wisata ,jangan lupa subscribe ,like comen and share biar chanel ini berkembang .terimakasih😄🙏#jawa #makanan #budaya #wisata #lagujawa",UCXzN6019cPP-r9okLAxUoUQ,2021-09-02 03:32:33,219,"85,070",87,"1,552","Rp 24,062"
Polisi Wonderful,The real work bhabinkamtibmas lempong village polsek jenawi polres karanganyar polda jateng republik indonesia .. go internasional.. pembina inspirator umkm ukm dan explorer potensi wisata  karanganyar indonesia  serta kearifan lokal masyarakat pedesaan. Building creative economics society From zero to hero for indonesian country. ,UCuYucgz8Ey5BtWguF6qryzw,2022-09-02 06:31:23,"2,410","49,494",104,"1,161","Rp 17,994"
You Tube Kwadungan Channel,,UCK4YPp4RMBar_TDLoQ1Q0lg,2022-03-29 09:43:53,109,"51,757",113,"1,081","Rp 16,760"
Munggur TV,"Munggur TV berisi konten-konten hiburan bernuansa kesederhanaan keseharian di desa dan kearifan lokal. Di bintangi oleh pemuda-pemuda lokal (Dusun Munggur).
Terdapat beberapa playlist konten andalan seperti: VLOG, CRITO MEDENI, MYSTERY VAN, MBADOK 3X HORA UMUM!, SHORT FILM, DLL yang bisa anda nikmati disini.

Support selalu agar channel ini semakin sukses.
Share, Like & Subscribe!
Jangan lupa tinggalkan komentar.

Kerjasama/Bisnis/Sponsorship
Admin (Mas Andika)
No. WhatsApp 085811286930

#munggurtv
",UCtwQZaXpRT5QJ19FdIYPclw,2015-01-19 12:40:57,871,"134,348",79,992,"Rp 15,380"
PUTRABAYA FC,,UCFgcGGHAwk_BO1wvRln9t7w,2025-01-27 04:02:35,80,"7,896",41,591,"Rp 9,156"
SD NEGERI 02 KEDUNGJERUK,,UC0RoeiBiOcbqXwdlFL9uILw,2023-12-09 14:06:40,20,"12,648",11,465,"Rp 7,208"
Argopiloso channel,"Menampilkan animasi pemandangan alam. 
Terimakasih sudah nonton video ini
Jangan lupa subscribe ya.
https://www.youtube.com/channel/UCyK93acyDs58G4_3asdRTJQ
",UCyK93acyDs58G4_3asdRTJQ,2022-12-08 12:46:25,"1,360","15,590",20,396,"Rp 6,133"
Kuto,"working on a dandy world fangame! (on my own)

",UCFh7RH8JIeWQOAExs16tWlQ,2025-12-14 23:45:20,26,"1,028",1,386,"Rp 5,975"
AwjSoundSystem Munggur,Owner *ArsaWahyuJaya~AWJ* 0813 9936 4265,UCcVhEdajoGiVWPouqVy4H6Q,2023-08-19 12:34:05,59,"11,810",20,382,"Rp 5,918"
Berkah Audio Menjing,0895806058000,UCVZbecspNkK44X-ijc-MvrA,2015-01-04 16:25:51,34,"51,765",66,381,"Rp 5,904"
PEMDES TAWANGSARI,,UCTWW2Y4Hmr7FnX0I8SjB6Qg,2025-08-13 06:48:59,143,"2,559",7,378,"Rp 5,862"
Kuto 21,"Luis Oscar mejor conocido como KUTO 21 
NACIDO  En el año 1986 Santo Domingo;
Un artista desde muy pequeño,
pero nuevo en el mundo
Urbano de República Dominicana.
llego a la música para darle uno colores diferente hay ritmo Brasileño con flow dominicano. ",UCGqttzEQ5J9G_rM8T8uwxzA,2025-06-12 04:48:24,119,"3,231",10,366,"Rp 5,669"
Azzam ganten,,UCoEbgQS4o2aWEy9Ol5h1Y6Q,2026-02-15 07:07:08,0,361,3,361,"Rp 5,596"
MIM Tamansari Channel,"MI Muhammadiyah Tamansari adalah sebuah lembaga dibawah naungan Muhammadiyah yang berdiri pada tahun 1963. Lokasi yang strategis di tengah desa Tamansari dan berada di bibir jalan memudahkan akses dari segala arah, sehingga tidak sedikit peserta didik dari desa lain. Penanaman karakter Islami diterapkan pada kebiasaan Sholat Dhuha dan Sholat Dzuhur berjama'ah, Iqro/tadarus Al-Qur'an sebelum pembelajaran dan Muhadloroh (latihan berpidato). Pembiasaan anak tanpa uang saku merupakan Program Madrasah agar Peserta Didik terbiasa hidup sehat. Berbagai kegiatan seperti Tahfidz, Pramuka, Hisbul Wathan (HW), Tapak Suci, Drumband dan Olahraga sebagai Ektrakurikuler juga telah mewarnai Madrasah dengan segudang prestasi. Hal ini sesuai dengan cita-cita Madrasah yang dituangkan melalu Visi ""Islami, Unggul dalam Prestasi, dan Berkepribadian Mandiri"".",UCCpXHswx8lYR0nVBfJ2VpJw,2024-05-14 12:46:52,128,"7,779",22,354,"Rp 5,489"
kipodipo,"semoga anda terhibur dengan konten2 kami,
like coment share dan subcrabe selalu canel kipo_dipo agar chanel ini selalu terus berkembangan
matur suwon 
",UCNaNhadY-Wpoi3nXQZVtohA,2020-08-14 16:41:02,161,"23,591",56,349,"Rp 5,409"
Risty_OceSs,,UCK-Qa5ndznEKZIAvkDGyFow,2018-02-13 11:08:32,265,"33,847",8,345,"Rp 5,352"
EsDe Kwadungan Jurang,,UClg1vJj0UoAktsGiKhToCzw,2022-06-01 00:12:35,100,"15,675",12,342,"Rp 5,309"
kuto,Art studio,UCL4FlP5z2Vtc93KK1TCUi4A,2017-10-12 07:59:23,100,"34,396",119,337,"Rp 5,218"
Kuto,,UCYAs6WXRNdsZa6NEkShZWow,2025-03-15 22:13:43,2,"3,737",19,317,"Rp 4,909"
Desaku Sumberejo,"TUJUAN UNTUK MENGHIBUR MASYARAKAT,DAN SEMUA PENONTON DI SELURUH TANAH AIR,SEMOGA DENGAN KONTEN INI SEMUA PENONTON DAPAT TERHIBUR,",UCUsETK_3V5HFHiP7BSLuwtg,2021-12-21 05:41:14,254,"16,190",23,317,"Rp 4,908"
Alaa-gumeng,السلام عليكم ورحمه الله وبركاته انا فتحت هذه القناه لاني احب لعبه ماين كرافت حط لايك واشترك بالقناه وشكرا ,UC_6SmcLQRhVs57UkyVZcdHw,2025-06-04 14:16:00,11,"2,828",3,311,"Rp 4,817"
KKN Mandiri Sumberejo,,UCmYGFM2AN7eASmFoQjnBgLA,2025-12-03 02:38:29,25,886,11,292,"Rp 4,527"
OFFICIAL SDN TAWANGSARI 1,"Selamat datang di Official YouTube Channel SDN Tawangsari 1, Kecamatan Taman, Kabupaten Sidoarjo!

Di sini, kami berbagi cerita, kegiatan, dan prestasi dari keluarga besar SDN Tawangsari 1. Saksikan berbagai video edukatif, momen-momen seru MPLS, perayaan hari besar sekolah, pentas seni, hingga kegiatan belajar mengajar yang inspiratif.

Ikuti perjalanan kami dalam mencetak generasi penerus bangsa yang cerdas, kreatif, dan berakhlak mulia. Jangan lupa Subscribe, Like, Comment, dan Share video-video kami agar semangat positif ini menyebar lebih luas! Mari tumbuh dan belajar bersama kami!
",UCzUC10VgPfT771KoE9FU-Tg,2021-01-25 05:02:46,621,"17,940",33,289,"Rp 4,475"
Kulo_aska,,UCPZ11GvUnGGckdAvOajSKjA,2024-11-06 05:41:02,17,"4,588",14,285,"Rp 4,417"
Tamansari TV,Chanel milik kampung Tamansari Kecamatan Selagai Lingga Kabupaten Lampung Tengah,UCB_24C1qvGsK6vc6xF_1YtA,2020-04-30 14:54:17,231,"20,267",64,285,"Rp 4,416"
SDN 2 KARANGREJO TV,,UCoobFU1ZVupINPlLi9WJX3Q,2021-07-07 05:11:24,343,"15,685",78,277,"Rp 4,288"
balong,"-musik
-template edit
-story wa",UCA28gP9DtZ6BfT6ANxfkV1g,2022-01-16 16:23:08,21,"13,738",15,273,"Rp 4,236"
SD 3 Sumberejo,,UC2q8gW43ZLiqpVgiygR_Wuw,2020-09-08 02:14:46,125,"18,091",41,271,"Rp 4,200"
Masjid Al-Hidayah Karangrejo,"Assalamu'alaikum, Salam sejahterah untuk kita semua 

Chanel Masjid Al-Hidayah Karang rejo, Gajah mungkur, Semarang, INDONESIA. 
Kegiatan yang ada di Masjid Al-Hidayah
",UCG_0LmSQubHz02T6a3guMtg,2024-12-25 02:10:45,28,"3,915",21,271,"Rp 4,195"
Balong blog ,Thank you for subscribe me😘❤️,UC2jTsGclJNuh9jFeDBELH3w,2024-03-03 11:05:15,12,"6,486",39,266,"Rp 4,126"
SDN01 Munggur,,UCWVoBxAp5Pl95lqVsnL0HjA,2025-04-25 01:51:29,93,"2,717",10,260,"Rp 4,024"
Ganten,,UC_1dbPFlO59tg_-YsP0uJXA,2025-07-15 22:54:40,1,"1,994",3,258,"Rp 3,997"
MIM MUNGGUR,,UC9K8pmvYu4eX8I4rUHFmF3A,2026-01-23 02:01:40,11,343,8,251,"Rp 3,890"
Puskesmas Kwadungan,"Layanan Masyarakat
""KWD Ceria ParasNya""
☎️085100756744
📩puskesmaskwadungan1@gmail.com
🖼️www.kwdceria.blogspot.com
⛑️Berisi kegiatan & inovasi Pkm Kwd
📷 Instagram : https://www.instagram.com/puskesmas_kwadungan/
📷 Facebook : https://free.facebook.com/puskesmas.puskesmas.1671?refid=7

""Selamat dan sehatmu adalah dambaanku 💚""",UCMP-MvUaimx1DWOctGvXytw,2015-10-24 03:42:25,693,"30,092",99,239,"Rp 3,698"
Wafi Gumeng,,UCRXRlW-DyNfPZ3Fbcq10Z4Q,2025-08-09 12:21:23,2,"1,602",3,232,"Rp 3,599"
Jambeyan Walker,Explore Tempat Paling Tepelosok di Desa Hingga ke Ujung Dunia.,UCGfJV01dFsbx6DYt6z9t72A,2019-12-15 14:06:19,407,"17,555",118,232,"Rp 3,594"
Balong,"Entertainment, Business, Fitness and Gaming MOB",UCj2cRsowFRuRzJw2D-o5NzA,2020-01-29 02:39:04,174,"16,698",39,225,"Rp 3,488"
SDSNU 02 Karangrejo,Wadah dokumentasi seluruh kegiatan maupun pembelajaran di SDS NU 02 Karangrejo,UCQfI1T_IkHGagIHGEr1f6qw,2012-08-01 06:33:24,762,"37,174",68,225,"Rp 3,483"
Desa Budaya Karangrejo,"Sugeng Rawuh~
dalam channel rekam jejak aktivitas pengembangan dan pemanfaat desa wisata Karangrejo, Kecamatan Borobudur, Kabupaten Magelang.
",UCHFRQj3YYrbGfwKiLoSkiRg,2022-04-12 03:52:18,83,"10,611",16,224,"Rp 3,470"
Rohis SMAN I Kwadungan,Channel dibuat untuk dokumentasi dan publikasi kegiatan Rohis SMAN I Kwadungan dan hal hal positif lainnya ,UCEstNe-qqQ8xQi33u5drxyw,2023-01-04 11:06:23,46,"8,609",55,224,"Rp 3,466"
ganten,,UCykBHlQ9KmYUCWkfEHib99g,2024-06-25 07:26:29,17,"4,587",9,223,"Rp 3,457"
"MI. AL-MA'ARIF KARANGREJO
",,UCGI4-mKVS6cesFzJDAcBJnQ,2025-11-11 09:46:36,62,832,2,221,"Rp 3,424"
LEMPONG TV,Membahas tentang fakta fakta unik dan menarik di dunia,UCEcP4UEea9mm57AKejpbMlA,2019-12-11 13:38:50,700,"16,685",13,220,"Rp 3,410"
Pondok Tawangsari,Channel Youtube Resmi Pondok Pesantren Nurul Ulum Pujon,UCmxDnQlzhI68-joTkq37IUg,2021-03-03 09:22:44,388,"13,137",19,216,"Rp 3,344"
Iki Ganten,,UCQYkQScbkZDTZ3d0MqfI1Sg,2025-07-07 00:23:03,2,"1,730",1,215,"Rp 3,338"
TAWANGSARI TV,"Hallo selamat datang di channel saya
Disini di channel ini kita akan membahas mengenai pendakian petualangan mencari keindahan 
Mencari pemandangan yang cantik

Di channel ini kita akan dapat
#Pengalaman
#Kebersamaan
#Tutorial
#Hobby
#Pemandangan 
#Perjalanan
#Kecantikan alam
#wisata alam
#Dan ber senang senang

Jadi saya akan slalu upload video yang baru

Jadi bantu channel ini berkembang dengan cara subscribe channel ini dengan cara klik tombol lonceng di bawah

Kamu harus klik tombol lonceng di bawah agar kamu tidak ketinggalan video terbaru dari channel ini 

Terimakasih",UC7c573d3CblvS1sN6czzdVw,2020-06-22 00:46:06,434,"14,878",11,214,"Rp 3,323"
Ganten,"Just MMDing person here, its quite fun!",UCI4SmMGHUasp08CgmPwowEw,2022-06-07 00:52:40,74,"9,583",3,210,"Rp 3,260"
Aunina munaya TV,Publik,UCGNbn_5Ks8hlsXnqeUiDeWQ,2019-11-29 00:28:13,61,"15,963",51,209,"Rp 3,244"
SDN Karangrejo 2,,UCCgO7rczUTRiOklfqyyKe-g,2022-10-25 13:44:10,324,"8,550",10,209,"Rp 3,243"
TK ABA I Gempolan,,UCOlDVUvx1_xHPIXsyNbxMXw,2020-10-27 07:34:47,109,"13,611",89,209,"Rp 3,239"
SDN SIDOMUKTI,"Follow juga akun ig sdn sidomukti02
Follow akun tiktok @sdn.sidomukti",UCDplswUPwjftsaFE5f9e-6Q,2021-03-22 01:22:02,177,"12,284",43,204,"Rp 3,158"
Balong vlog,Balong vlog,UC7t5n6pBZBIVnDQGmyTWrUQ,2023-08-15 10:56:02,20,"6,274",20,202,"Rp 3,130"
SIDOMUKTI DARUSSALAM,,UCzNI7B-RJeRJWAYdjZzV83Q,2021-07-01 16:15:32,141,"11,460",99,201,"Rp 3,122"
Laxman Menjed,,UCA3bKvKBuCTJMH-iqeyzD5Q,2024-08-27 19:27:42,10,"3,676",15,199,"Rp 3,085"
MI RA Nurul Huda Sumberejo 2,,UCZ6ckKSkwDnHnEQzGYkJktw,2024-05-14 01:05:14,18,"4,366",16,198,"Rp 3,076"
SD NEGERI 2 GEMPOLAN,"Saluran YouTube resmi SDN 2 Gempolan
Kec. Pakel Kab. Tulungagung",UCyms3wFKQ-aB50NrUil0snw,2023-06-15 08:51:05,149,"6,506",12,197,"Rp 3,047"
MIHS Sumberejo Kediri,MI Hidayatus Shibyan Joho Ngasem,UCrSInJUoXs92RjzuEeQSuLA,2017-11-01 17:03:37,685,"19,550",29,193,"Rp 2,985"
MI. Nurul Ulum Gumeng,,UCPCz26K_vZtsPaYtXqANfjw,2015-11-06 16:17:37,306,"24,112",48,192,"Rp 2,973"
Desa Kedungjeruk ,"Bismillah.
Semoga dengan anda menonton vidio-vidio dari saya ini bisa menambah wawasan dan informasi seputaran pemerintahan dan hiburan buat teman-teman semuanya.
Jangan lupa like dan subscribenya",UCN5sJ-tZpbUQlxn6VHYOpuw,2025-04-02 18:27:52,4,"2,124",9,190,"Rp 2,939"
UPT SDN Negeri Karangrejo 04 Garum,,UC-iiWcyqy03VQgI5kH_0jjg,2021-04-24 04:21:09,298,"11,081",49,187,"Rp 2,903"
sae adventuresae,,UC8_OakekBb9kHjXpsCzdigg,2025-11-02 11:38:34,6,750,5,184,"Rp 2,859"
Gg Jatimulyo,Ojo lali selalu  bersyukur,UC-Wd_GAJcN9Ps6RvaTWRUyA,2018-11-03 07:41:49,47,"16,344",63,183,"Rp 2,838"
Alli Mhan,,UCevRCO0qHgy2UOBPKyq3O-A,2012-09-06 13:03:38,173,"29,572",26,180,"Rp 2,791"
RA MUSLIMAT NU KARANGREJO,,UCT8xzJfYrXcH5U-op3Dfm0g,2021-12-07 02:29:53,177,"9,071",35,176,"Rp 2,725"
Septiana Sesi,Hai selamat datang di channel YouTube kami. Share konten random dan juga tentang pedesaan kami di lereng gunung lawu. Jangan Lupa subscribe like komen dan share ya ♥️,UCgbv9_GSs1qsu97wARH3hYw,2014-01-09 05:23:49,24,"25,920",45,175,"Rp 2,716"
PGRI CAB Kwadungan,,UCQTRoBCcUbZEikn9A0QWU3w,2024-04-29 06:37:59,283,"3,888",9,173,"Rp 2,682"
Tamansari SkyHive,,UCJhYqVZalhhYViuSpmAKByQ,2018-11-22 12:28:48,136,"15,124",18,171,"Rp 2,645"
Visit Kelurahan Tamansari Jakarta Barat,"Akun Resmi Channel Youtube Kelurahan Tamansari Kota Administrasi Jakarta Barat. 
",UClIczfX34-HFIb6iENC5-jQ,2015-05-06 03:53:52,366,"22,238",70,169,"Rp 2,615"
Balong,Subscribe my channel,UCf0KSdNO2mnvBcxyFl8ZK0g,2022-12-27 13:17:20,16,"6,507",31,168,"Rp 2,602"
Hasan Gento tawangsari Chanel,,UCz5N6t6QU1CU-ON_hCQx50w,2024-06-03 11:50:29,47,"3,544",14,166,"Rp 2,579"
Taman Sari Channel,"Channel e wong Taman Sari :)

Salam TeEs,  jadi Channel ini dibuat bertujuan untuk:
1. Wadah menyalurkan kreativitas para warga TamanSari
2. Sarana kumpul dan silaturahmi
3. Daripada tidur dirumah mending bergerak shooting
4. Untuk memperkenalkan kepada semua manusia bahwa ini adalah lingkungan TamanSari
5. Sarana belajar cara membikin video dan konten di YouTube dengan baik.

Dukung kami ya dengan subscribe ...
Follow kami di Instagram @tamansari_channel",UCgDU7Yi679vdYdMrKmINOXw,2019-05-07 11:43:43,428,"13,467",27,162,"Rp 2,512"
Botok Botok,,UCVE4mfNCnG519J8Q_G2QLIw,2024-11-28 08:19:40,0,"2,389",7,155,"Rp 2,410"
Taman Sari,,UCnYCxcDJ8Ppy9FOHC22B7DA,2022-08-30 13:04:33,50,"6,619",81,155,"Rp 2,401"
Gereja Bethany Trengguli,,UCk-skdUOwUfmGpcltHENyJw,2012-06-07 15:46:21,201,"25,609",25,153,"Rp 2,373"
MI Sudirman Kedungjeruk,"Jangan lupa Follow, like, komen & share ",UCAJ-JEwWEFkAYJvdg3uFN6w,2024-08-26 04:52:12,45,"2,815",5,152,"Rp 2,359"
kuto,,UCEQTo9oQfN-I4MzVIYIlYGA,2026-01-05 19:41:48,2,293,1,152,"Rp 2,349"
Desa Kwadungan,,UC9V009QQbDTyuDmiR092fSg,2013-06-06 03:34:01,179,"22,461",10,145,"Rp 2,244"
mruud kuto,https://www.youtube.com/@mridulkalita7611,UCgIa_havGFnpcAvWaNfy31A,2022-01-08 09:08:11,22,"7,297",84,144,"Rp 2,238"
SDN 01 Seloromo,,UCk6xbYMJtSQbMc2P3KhzPgA,2012-12-14 17:47:45,129,"22,931",80,142,"Rp 2,209"
Sunarni Munggur,askar,UC5viqKmOphwbIh3hDJya9lQ,2025-04-07 15:15:23,4,"1,566",30,142,"Rp 2,200"
gumeng aewuo,,UC6aA1S1CK9bm-vb1AP_sbzw,2025-02-20 16:00:33,3,"1,767",7,141,"Rp 2,179"
SMP MUHAMMADIYAH 10 TAMANSARI,,UCNd_7OleiQsLgLdOV3mF7jA,2017-02-04 03:32:12,69,"15,236",8,138,"Rp 2,137"
Trengguli Demak,,UC9DL_NzAVPImX5sRY6v_ZMA,2021-08-08 02:52:21,41,"7,531",14,135,"Rp 2,098"
𝙲𝙰𝙷 𝙶𝙴𝙼𝙿𝙾𝙻𝙰𝙽 𝟹𝟾𝟷💥,bantu 100k suskreber ya,UC9GqfyZnhx3pEGl_83_Tkeg,2021-07-22 12:42:59,17,"7,428",18,132,"Rp 2,049"
HW Reborn Sumberejo,"Team Badminton PB HW Sumberejo yang dibentuk kembali oleh pemuda Desa Sumberejo, sehingga nama PB HW Sumberejo berubah menjadi PB HW Reborn Sumberejo.",UCIsrBpNOQ9AKJVoqtHbmVzg,2022-07-31 03:44:05,28,"5,635",18,129,"Rp 1,997"
KPM Sumberejo 2025,"Channel ini dibuat sebagai sarana publikasi video kegiatan KPM/KKN. Seluruh konten yang diunggah merupakan dokumentasi kegiatan mahasiswa selama melaksanakan program pengabdian kepada masyarakat.

Kuliah Pengabdian Masyarakat (KPM) UNSIQ Jawa Tengah di Wonosobo.
Kelompok 03 KPM ke 51",UCZXUWOb5DoGAV4GUIzVsw-w,2025-08-28 11:00:11,16,798,5,127,"Rp 1,974"
Bethany Church of Blessing,"Selamat datang di saluran YouTube resmi Bethany Church of Blessing yang menampilkan khotbah dan khotbah terbaru dari setiap minggunya.

Anda juga dapat bergabung dengan kami di sini setiap hari Minggu untuk pengalaman ibadah secara langsung (onsite) kami di Jl. Embong Trengguli no.20, Surabaya, Indonesia 

Untuk informasi lebih lanjut, kunjungi instagram kami @BethanyCOBsby
",UCWnRkTB71QHDHBWklal8Hfg,2024-09-30 03:25:22,43,"2,191",92,126,"Rp 1,959"
Doni tewe,,UClNinnfy1Yqei9a9g85hSNg,2024-08-06 01:42:56,72,"2,426",12,126,"Rp 1,958"
"TK Desa Karangrejo 03 ,kec.Wungu.Kab.Madiun",,UCgji3Zv0gwc0j09rxuOD-Kw,2021-02-25 16:48:18,118,"7,693",35,126,"Rp 1,952"
phetetlawu,Buruh tani,UCorNZ6IiRwZkWT75_BnbNYw,2022-02-24 12:03:14,16,"6,148",38,126,"Rp 1,946"
GKJ TAWANGSARI,Channel GKJ Tawangsari,UCoMVbM1K15jCg3gUTg5uAJQ,2020-03-28 15:18:07,163,"9,002",79,125,"Rp 1,932"
sugeng gumeng,,UCMcvPT7c2-MCkXlmW7EKp6A,2025-07-20 08:16:22,8,942,10,124,"Rp 1,930"
PKK Desa Trengguli,,UC9O-2gXeOpRLEuWPnkm5Hxg,2023-11-19 01:30:17,53,"3,293",1,118,"Rp 1,829"
Gibran Menjing,,UCZ79Oapd_nWWfAgKPq7PQgA,2025-03-28 10:45:32,11,"1,322",1,116,"Rp 1,803"
kevin lempong,,UC05RyZMrmwSHeXuZ12JrLhQ,2019-04-25 14:23:58,6,"9,621",2,115,"Rp 1,786"
abagempolan,,UCYVLghoxZowMFcJrzfY-XRQ,2023-10-10 04:03:03,45,"3,361",34,115,"Rp 1,784"
KKG PAI Kec Kwadungan,,UCp8lZO8DSenN3fAosfR4NQA,2022-12-14 12:55:29,109,"4,508",41,115,"Rp 1,782"
cah trengguli,,UC5v87C3Us_bAyD6TRovYEVw,2024-11-18 07:59:27,15,"1,796",15,114,"Rp 1,773"
PONPES HIDAYATULLOH TAWANGSARI,,UCfPNCCD_A-WUh9viG6NARcQ,2021-12-23 17:37:28,660,"5,789",20,113,"Rp 1,757"
KARYA NIKAYE ,KARYA NIKAYE Lugas menginspirasi,UCooKI72RzGG2aYuTY8NKU3w,2015-03-26 15:07:01,119,"14,842",141,111,"Rp 1,727"
Tamansari Budaya Channel,"""TAMANSARI BUDAYA CHANNEL"" hadir untuk anda yang ingin menambah wawasan dan kecintaan terhadap seni pewayangan, dan juga berisi konten-konten hiburan lainnya, tutorial dll.
# Klik ""LIKE"" dan ""SUBSCRIBE""  
# Silahkan komen, jika tertarik dan beri masukan yang membangun.
Dukung terus channel ini, tekan lonceng notifikasi agar mendapatkan notifikasi video-video terbaru.
Terimakasih atas dukungannya.
Tonton juga lnk : 
https://youtu.be/d1D-EhSdMaA
https:www.youtube.com/channel/UCMicKJGkdHoSHk_ZrKOaUIQ






Bergabung pada 17 April 2020",UCSSawO_oQc0PRPohSEpU13Q,2020-04-17 14:04:18,157,"7,886",35,110,"Rp 1,708"
BOTOK OFFICIAL,BOTOK OFFICIAL ,UCn90jkxKLB9_9m9R_wHMgCA,2020-08-03 14:31:50,85,"7,191",11,106,"Rp 1,640"
SMP Negeri 2 Tawangsari kab. Sukoharjo,Sekolah unggulan dengan berbagai macam prestasi yang diperoleh. Utamanya dalam kegiatan penguatan karakter. sekurang-kurangnya sudah ada 15 sekolah negeri dan swasta yang telah study banding di sekolah ini.,UCuOCew-i6edKPQjBL3Xc1BA,2018-11-19 03:39:29,223,"9,230",16,104,"Rp 1,612"
ho.  gumeng,,UCfdrWIkrG26YhCk2AIUuMNQ,2025-09-23 13:16:00,3,549,4,102,"Rp 1,576"
Katazuki Kuto,"From 3000 AD ⏳
tiktok.com/@katazuki.kuto",UCWjagZc6psEU1fB3MLT9ESg,2025-06-21 11:39:50,4,860,14,101,"Rp 1,562"
SD NEGERI 2 KARANGREJO,,UCNEVIo98Db9bBgFpG274k8A,2023-05-13 13:39:55,129,"3,324",29,97,"Rp 1,506"
Karang Rejo,,UCNCTGjRr8cawBcGZ5qr9MgA,2023-12-22 21:50:36,213,"2,599",32,97,"Rp 1,505"
Balong,,UCKPJAJbJ9etSegyy1qu32fA,2025-04-13 09:32:17,1,"1,051",5,97,"Rp 1,504"
Bocah Lempong official,"Film Pendek Karya Anak kemujen Sumberwulan, selomerto, WONOSOBO ",UC1kk4hrzJ6JvI0-gs0CA9wg,2020-11-21 10:00:39,142,"6,078",28,95,"Rp 1,465"
munggur,,UCk9GMIx8scA4Imj5u0TA03Q,2008-06-18 11:43:06,13,"20,108",3,93,"Rp 1,446"
BLINK MUNGGUR,"We're glad you joined our channel, Muddasar Tech. Thanks for joining us! Here on this channel we bring you technology related videos such as technical issues, salutations online, and much more. Please subscribe to our channel.",UC3oy1DjFLNinbw0oPBGeeGw,2022-12-11 14:29:33,"1,020","3,665",26,93,"Rp 1,445"
KB-TK DWP TAWANGSARI 2,https://linktr.ee/tkdwptawangsari2,UC7U4_kEUAL3PGlA8_cqfFlQ,2018-10-22 14:13:27,89,"8,314",53,93,"Rp 1,437"
Cerdasnesia,"Cerdasnesia adalah kumpulan video informasi mengenai berbagai hal unik didunia. Chanel ini menghadirkan beragam informasi unik dan menarik sebagai bahan untuk menambah wawasan bersama. Jika kamu haus akan pengetahuan, bergabunglah dengan komunitas kami dan temukan jawaban atas pertanyaan yang sedang kamu cari! Kita akan menelajah bersama. ",UCbhU9fQsabxek7rtNmBUE-w,2021-11-29 10:22:02,"1,080","4,727",14,91,"Rp 1,413"
Pak Arwasid Munggur,"""Man jada wa jada""",UCHZkNnNuDZy6z7pKpNB36-Q,2016-10-19 10:28:44,95,"10,374",14,91,"Rp 1,409"
Dusun Kwadungan,,UCMnUx3on05Ybum8Zne4NmjQ,2025-08-01 15:18:13,6,645,1,90,"Rp 1,395"
Balong Videos,,UCek7HddT--y_CsrvVkPSB_A,2024-01-28 07:20:52,8,"2,207",46,86,"Rp 1,340"
Choco Kuto,,UCdjeHfzO8DNf9-waHIOZmHw,2015-09-16 20:45:29,22,"10,962",27,86,"Rp 1,334"
SDN KEDUNGJERUK 2,,UCNAKH5xXfc4IXHT507M-0uw,2023-06-17 14:05:46,53,"2,763",11,84,"Rp 1,296"
MIT Sumberejo,,UC5oH35cHQPqyK37vWOdh4tQ,2023-08-24 01:12:41,136,"2,550",5,83,"Rp 1,283"
Angik Tawangsari,,UCadhnJw91iyUa7jc-Bik1IA,2019-12-10 02:26:51,32,"6,243",1,82,"Rp 1,275"
mi sidomukti,,UCFaYbBvV6lq7LPDZBTjSBKQ,2012-04-19 14:14:50,232,"13,884",48,82,"Rp 1,274"
Botok Vlog,"Hai para vloger mania selamat datang di YouTube channel ini.
Salam hangat dan sukses selalu untuk semuanya.
Bagi pecinta vlog seru rasanya bisa menikmati suasana perjalanan dan tempat wisata yang amazing tentunya.
Mengabadikan momen-momen seru dan perjalanan yang keren pemandangan nya.dukung terus channel ini agar terus berkembang dan bisa menyajikan konten yang menarik 

#Gas tipis tipis
#Seduluran sak lawase 
#Berbagi pengalaman dan saling support 
#Subscribe
#Like 
#Share

Link 
https://youtube.com/channel/UCsGGdNGmyAq30w4JyigHq6g

Salam.
botok vlog",UCsGGdNGmyAq30w4JyigHq6g,2013-03-04 19:44:37,119,"12,994",39,82,"Rp 1,273"
Botok Botok,,UCh4CwRPhbTFIRn-Qx8_gKZQ,2024-12-27 16:57:31,2,"1,182",1,82,"Rp 1,272"
Pemerintah Desa Karangrejo Kec. Blimbingsari,"Halo👋
Selamat datang di akun Youtube Resmi Pemerintah Desa Karangrejo Kec. Blimbingsari Kab. Banyuwangi",UC6T_wiLTcojguOE0S4QpjUg,2018-05-22 00:35:41,83,"7,503",21,79,"Rp 1,227"
G.RINGSTONES,DJARUM EMANG HARUM,UCGqW2wZEyRGWXKtfECBJXqQ,2019-10-24 11:30:17,549,"6,007",30,78,"Rp 1,202"
GWN channel,"Olahraga ,volly ,bermain ,kelucuan ,GWN channel
Kring wa : 08551064721
Fb :gugun
Email .Gunawan221100@gmil.com
",UCHT6wcP_cCVKfrMnHsQX8Iw,2018-10-20 12:11:02,77,"6,553",47,73,"Rp 1,132"
GKJW PEPANTHAN KARANGREJO,"GKJW PEPANTHAN KARANGREJO
________________________________________

Email : pepanthankarangrejo@gmail.com
Instagram : rumahtuhan_
Tiktok : tiktok.com/@rumahtuhan_
________________________________________",UC8VQFdT8lv3SqLqettg4u4A,2022-04-18 09:58:01,51,"3,384",15,72,"Rp 1,111"
Gumengs,Gumeng lover ❤️,UCqGGieeyNT9YIJRFQZQ2YZg,2024-02-19 14:45:54,8,"1,769",13,71,"Rp 1,106"
Balong Antonio,"Hi I’m Susimo Antonio. Aka. BaLong, Mas cute ako sa personal at welcome ka sa channel ko. Subscribe!",UC0YKFg7YsC1Ga9iujJkK8sQ,2011-09-02 10:46:12,351,"12,433",42,70,"Rp 1,091"
Majelis Munggur,"Seputar Dakwah, Kegiatan Warga, Maisyah Warga , Wadah Sharing",UCPDkvMMlkR0NdOj_6_nXpSA,2020-04-30 12:22:26,151,"4,961",13,70,"Rp 1,081"
Omah Trengguli,,UC0jiOo_Kaz5uz43j0BapU7A,2022-03-10 12:52:07,191,"3,312",16,68,"Rp 1,058"
MI MIFTAHUL HUDA karangrejo,,UCVZy3naOiV0YVpIIZtwBnnA,2020-02-23 02:35:56,187,"4,981",9,68,"Rp 1,052"
Botok Mlanding,,UC9ypm6iB0x3UASQXIK6iVsg,2026-02-14 01:58:43,1,67,1,67,"Rp 1,038"
Warung Mbak Tari Trengguli Demak ,"Warung Mbak Tari Trengguli Demak adalah salah satu Warung Makan yang cukup dikenal di Area Demak. bagi pengendara jalur Pantura Jakarta - Surabaya sering mampir di warung ini. Menu yang disediakan yang menjadi favoritnya adalah Ayam Goreng, ayam bakar, bebek goreng , bebek bakar  . Selain itu ada juga Pecel lele , ikan bakar, ikan goreng  dan menu yang lainnya, dan juga menerima pesanan Snack, dengan rasa yang bener bener nyussssss",UCSPtIULPoEjINHJwh9boMkg,2022-03-25 02:40:52,346,"3,205",50,67,"Rp 1,035"
SEKARRIMBA KWADUNGAN chanel,,UCrKDW9ywnAhq0seIVsrUAvg,2017-10-13 14:01:36,62,"6,802",7,67,"Rp 1,032"
@Dagull017escort,"Jangan bosan membuat kebaikan,
Karena sebaik"" nya manusia bermangfaat bagi manusia.",UCz8NFH31HOBVPuWKmAwMNTQ,2023-07-20 10:37:32,3,"2,125",5,67,"Rp 1,031"
Apotek Adameva Srimartani,"Apotek Adameva Srimartani Di Jl. Bangkel - Munggur - Petir - Ngorooro Daraman Srimartani Piyungan Bantul. Berada di sebelah timur SMP Pembangunan dan Sebelah Barat SMK Muhammadiyah Piyungan Di utara jalan. Dengan Promo Sembako Yang Diundi Setiap Jumat WA 0821 3617 7962. Ready Alkes Herbal Perlengkapan UKS Madu Suplemen Vitamin OGB Paten Cek Kesehatan Termurah. Melayani Warga Jl Munggur Petir, Jl Petir Ngorooro, Jl Soetiman Hadi Soebroto, Jl Piyungan Prambanan, Jl Bangkel Munggur, Jl Bangkel Munggur Petir Ngorooro.
",UCZetaGZ13_gZG8OMeZAKWjg,2024-10-05 15:28:02,5,"1,125",32,66,"Rp 1,016"
Pemerintah Desa Sumberejo,,UCYWgrTshXQYDZyssnMo164g,2020-04-14 09:57:11,113,"4,679",23,65,"Rp 1,012"
vellameasha,,UCJ5WRBqSA19bKntTzR9rMcQ,2024-05-22 15:50:04,0,"1,416",6,65,"Rp 1,011"
Sdn 7 Gumeng,,UCRcZNyz-YN9LjUP5hH1dl7Q,2025-11-15 02:15:39,28,236,1,65,"Rp 1,007"
Cah Tawangsari,Ikatan Alumni SMP N 1 Tawangsari Sukoharjo,UCAdlQQQ58sCM8-uCug1nwCQ,2017-02-24 09:52:03,69,"6,972",9,63,Rp 984
Desa Sumberejo,,UCF8S3cJ1me3FWKNqTed2NaQ,2022-10-26 09:41:55,66,"2,559",4,63,Rp 971
GUMENG ANDARA,GUMENG ANDARA,UCncvrnowMK1cR-6y7mJWwjA,2023-07-24 12:57:55,0,"1,983",5,62,Rp 967
imam ganten,,UCJVI2AkaAZ5iB4IBt1mIcKw,2024-04-25 09:11:23,9,"1,380",68,61,Rp 946
kang Ronji,,UC8iCpZcvfD8SK0XBhdvvoEg,2022-08-08 08:20:26,29,"2,634",12,61,Rp 939
Tumpuk Kwadungan,,UCmLjwDwxqFyeyYjPVZAUq0Q,2024-09-15 02:16:19,2,"1,051",34,59,Rp 913
lAT17f,"Viral,,situs hiburan ,,beritahariini,yanglagiviral",UCekkA0AcxbaxUxQQg7rM7PA,2021-10-17 04:12:17,59,"3,101",27,58,Rp 902
mbahboim,,UCz1DNaEfrbUY6r4awdToOhw,2015-08-27 17:37:50,24,"7,378",4,58,Rp 893
Polsek Kwadungan,,UCpUYulFFW8qSUdHFw1JMjtg,2017-11-27 03:10:44,155,"5,501",182,55,Rp 847
TK DHARMA WANITA SUMBEREJO,,UCKO_ZIFwjQdw66SyAKeZtYQ,2021-10-23 02:27:46,67,"2,831",22,53,Rp 826
balong,,UCsIVXK7-FE30kXck5MVWumA,2022-04-18 06:25:09,3,"2,516",4,53,Rp 826
mr. lempong,Update,UCclIani1vbUa3pVIBzjn_oQ,2013-09-22 03:56:40,24,"8,049",23,53,Rp 823
Sinema Desa,"hallo teman sinema desa,selamat datang di saluran kami,semoga dengan video yang kami sajikan bisa menghibur teman teman semua,terus dukung channel ini ya,dengan cara klik subscribe supaya kalian bisa dapat notifikasi dari youtube setiap kami upload konten.Makasih daaaaaaaaa",UClu3pO7qDzkUXrsM4hopWNQ,2024-02-06 12:39:36,114,"1,339",2,53,Rp 823
Lempong Pong,,UCz6DjJw-jWkCowgCPiNwZow,2023-10-25 06:01:04,1,"1,519",3,53,Rp 820
khoni Lempong,,UCHDDHw5k1WMVA3PiZlQG6gw,2025-09-21 06:37:08,13,287,2,52,Rp 814
멘진menjin,,UC8p_DD7L9CdlPwGIlTN5Zqg,2018-10-07 10:17:29,20,"4,731",16,52,Rp 813
Kreator Sidomukti ,"Welcome to the ""Sidomukti Creator"" channel, discussing interesting, unique, funny, popular videos and many other videos.",UCI5kEsad3wr3QpOEFaWfAeg,2020-09-21 15:03:38,3,"3,462",8,52,Rp 809
Kwadungan ,,UC82UlTJlGStN9pZWMl4hbCQ,2022-04-17 06:50:27,11,"2,457",2,52,Rp 806
"SD N Sidomukti 4, KAB SEMARANG",,UCdZd_0nIlY-gxF6Y4nfzJww,2023-07-28 16:49:29,55,"1,638",4,52,Rp 802
Baiki Menjin,,UCvPW0vzZ_TuEu1iGJjLD2qA,2024-05-24 00:07:30,5,"1,103",26,51,Rp 789
Smp negeri 2 tawangsari Official,"SMP NEGERI 2 TAWANGSARI adalah Sekolah yang mengutamakan karakter dan lingkungan hidup. Di chanel ini akan di unggah kegiatan apa saja yang ada di SMP NEGERI 2 TAWANGSARI, jadi mohon dukungannya tolong subscribe, like kalau suka dan juga tinggalkan komennya agar kami bisa lebih baik lagi... jangan lupa SENYUM, SALAM DAN JUGA SAPA",UCFJNwD20zf27Pl3HhsdCzqQ,2018-11-17 13:15:14,226,"4,510",6,51,Rp 787
kuto gospel singers choir,PLEASE 🙏 SUBSCRIBED TO SUPPORT THIS INDUSTRY OF KGS SINGERS CHOIR ,UCkXtZTRJJviq4hT3I4djiMw,2024-07-22 09:48:46,18,991,8,50,Rp 781
BALONG channel all TV memories,"Fell, proverb, please  help.... People are righteous we speak people give us.. Chill bro.",UC-oirADu9JrkKVTqyJCv_yA,2020-09-10 04:35:39,27,"3,338",59,50,Rp 776
K U T O ,,UC4P-Rj8yQTh3R8rESv9aSWg,2011-12-08 08:37:36,8,"8,640",13,50,Rp 773
TK Pertiwi Sidomukti,,UCtQ0Ifk5VeRQlxvaqYpUDbw,2014-12-31 15:41:35,102,"6,735",24,50,Rp 767
SDN KARANGREJO I BANCAR,,UCIEFWO3CxHIF8waJbwjzetg,2020-12-01 15:29:56,116,"3,084",8,48,Rp 747
TAWANGSARI,,UC57atEZG8oDKmdyx6WX2FtA,2023-08-27 02:26:56,23,"1,478",12,48,Rp 747
PEMDES SUMBEREJO,,UCluKkyM0PbCC5OX_awAiwqg,2022-07-23 15:28:09,27,"2,112",3,48,Rp 744
TAWANGSARI,Chenel short dan game,UCwNRJ9gk9E3S58nz7y7isnQ,2021-06-08 06:14:16,34,"2,759",24,48,Rp 742
TamaNsari creative,,UCnWM1czLQ4XGfhZqcolJI9A,2020-04-23 02:40:39,38,"3,321",9,47,Rp 721
DESA GUMENG BUNGAH GRESIK,,UCqeMKb6Wu7iUNJ6EpoDCdzQ,2020-10-24 05:30:22,44,"2,996",9,46,Rp 712
LEMPONG KATIJAN,,UCI_U61_36uQ4JTKFda2g8IA,2022-12-07 08:41:15,"1,050","1,795",9,46,Rp 706
enjoy sumberejo,,UClkZtenDr_lJk9C7fO0Fbyg,2026-02-09 11:21:22,1,45,1,45,Rp 698
Gempolan Cell,,UCijzIPeR7u6ZBZOCTcHw3GQ,2022-05-09 08:20:49,13,"2,037",8,44,Rp 679
SDN 1 Sidomukti,,UCxmImWEOFb6hEasx-ONb3mA,2020-03-30 04:10:29,94,"3,155",12,44,Rp 678
Bangkit Agus Sutanto,"Berita,Musik Dan Budaya yang di ambil dari wilayah solo dan sekitarnya",UCsOZjVUHXIMw3CCTeo5hOCg,2014-12-14 16:53:06,9,"5,911",20,43,Rp 671
Atan Botok,,UCXzGQp5qm2swD8EUFx6xpdQ,2023-03-16 14:31:21,3,"1,554",5,43,Rp 667
SDN Sidomukti II Kasiman,Akun YouTube resmi SD Negeri Sidomukti II Kasiman,UCbZmRFoVSUvpr_qqSkjnYpA,2021-01-06 11:17:18,32,"2,624",10,42,Rp 648
Karangrejo Karangrejo,,UCAI3mF1MoFNS9ajlexkA_Nw,2026-02-24 07:56:17,0,41,4,41,Rp 636
Pelayan Karangrejo,Alhamdulillah semoga menjadi awal yang indah buat menjadi Youtuber kreatif,UCFcfC8dbUMwvi3i25GKI16A,2017-06-28 05:09:04,41,"4,319",18,41,Rp 633
CLAS VI.A Mis kedungjeruk ,Bantu subscribe ya,UCF7TY_zLA96q-fLNl0dHtIQ,2024-05-10 06:54:52,11,902,5,41,Rp 633
Ganten Kirby Golden Isles Realtor,,UC2-tiRWBZcsfOlpMIwGCg2Q,2025-10-21 20:00:04,2,181,5,41,Rp 628
Angga chanel,,UCsmKBOpS1SZPhRlHX69rbAA,2017-11-06 02:26:48,32,"4,095",8,40,Rp 626
hossam-_-gumeng,"اشهد ان لا اله الا الله محمد رسول الله 
تكفون اشتركولي حلمي عشرة آلاف 😢",UC2r0Gh8p2oPKBBkEZkjmc0g,2024-06-27 16:06:04,31,827,12,40,Rp 625
Fais Sidomukti,Hiburan dan tips-tips bermanfaat,UC6XjjOGO1OlBY27ib_qkWMg,2013-07-04 16:49:08,78,"6,216",34,40,Rp 625
KKN Gempolan,,UCFo_W9xiOUpA_P2eUnGVKOw,2024-07-30 03:12:30,24,777,3,40,Rp 621
NAIRA MUNGGUR,"Thank you so much for your support so far and beyond I hope you don't get tired of continuing to support this channel. ♥️
",UC7MnPiCQl3u-yne0OTrukqA,2021-02-18 01:14:49,"1,420","2,456",11,40,Rp 620
prianz jvns,,UCbIHc3rOErsEiPGW14S8F_w,2018-07-02 21:01:21,30,"3,686",11,39,Rp 612
ustadz cinta sholawat,,UCYwnR30pV6jgjrKDhxoasvQ,2023-07-14 00:50:42,13,"1,269",7,39,Rp 611
Menjing TV Official,"
 Ingin menyalurkan cara bermusik simple kita 🙏🙏 Salam Music for Fun semoga terhibur + Dagelan Lah guys  wkwkk 😁
.
semoga bisa menjadi lebih baik lagi .. amin 🙏🥳😁

bantu share ke temen² ya guys , maaf masih pemula 😁🙏☺️🔥

#covermusik #youtuberpemula #coverlagu #coverlagupopindonesia #vidioshorts #shorts #musik #coversong #podcast #1000subcribers #1000 #share #like #covermusikpop #bandindonesia
#dagelan
",UC1j012YwWuEDhnUFcfm4Rhg,2017-12-26 16:57:16,88,"3,860",11,39,Rp 600
Ki Ageng Seloromo,,UCRm9imXJ0iixD-6uB0uYdaw,2020-01-01 04:24:52,266,"2,907",22,39,Rp 600
jatikurung Kedung jeruk,,UCXGE1i96XnTRyFlW0TrHx-g,2024-04-22 01:01:11,4,860,3,38,Rp 586
Tamansari Tera,"Tamansari Tera hadir untuk memenuhi kebutuhan gaya hidup masyarakat perkotaan akan sebuah hunian vertikal berlokasi strategis di jalan Tera No.28 yang berada di pusat kota Bandung sehingga memberikan kemudahan akses. Dengan 17 lapis lantai dan 3 basement. Bangunan terdiri dari unit apartemen dan area komersial. Unit apartemen berjumlah 193 unit yang terdiri dari tipe Studio,1 BR dan 2 BR serta dilengkapi fasilitas seperti Mushola, Kolam Renang dan Fitness Center. ​​Tamansari Tera Apartemen memberikan pilihan tepat sebagai tempat tinggal yang nyaman dan investasi yang menjanjikan di pusat kota Bandung.",UC1UOlAqjPsjh8VHS79vWYEg,2014-11-07 20:46:46,19,"5,176",10,38,Rp 582
Sumberejo Reborn,"Hanya untuk hiburan
",UC4lvKJ3Gy5u5bU7S7bRakiA,2019-01-25 16:47:53,437,"3,206",15,37,Rp 574
KKN UMD 03 Sidomukti,,UCSmFS710Haa8pjabgJsX2tg,2026-01-14 13:55:53,3,60,6,37,Rp 569
sosmed sdn sumberejo,SDN SUMBEREJO KECAMATAN MAOSPATI KABUPATEN MAGETAN PROVINSI JAWA TIMUR INDONESIA,UC0YxZ6mRgSdzh3foXE5zI8g,2022-11-13 14:20:36,49,"1,469",9,37,Rp 566
Tembang Tamansari,"Terima Kasih Sudah menonton hingga akhir, klik jempol, subscribe dan tulis pesan di kolom komentar",UCS0qHTUI0-ELBJwoWuSC3rg,2022-11-21 04:36:42,73,"1,453",20,36,Rp 564
Maz Jeck91,"wong deso,wong gunung",UCE6lJpXAHOgvoPnC4cpgnJQ,2021-12-17 07:25:11,12,"1,848",3,36,Rp 559
sidomukti,,UCntanZGWHfLwts2fU49eEug,2024-12-20 02:15:45,6,523,2,36,Rp 554
Khoridatul Bahiyyah,Love people around you before they leave you forever,UCvdRwGL_8BHTt-1cP96PbTQ,2018-12-07 10:58:35,24,"3,063",32,35,Rp 539
THE TRIBE CALLED BALONG,,UCGD0jJfiJm2DJZv7CneJpcg,2025-10-14 07:47:06,1,162,1,34,Rp 534
sampidu tamansari,,UCV3Ne75sr_8P7gX75AxwiJg,2015-02-01 17:59:36,279,"4,556",36,34,Rp 523
SDN Sumberejo 04 Ambulu,Sekolahnya Para Juara,UCDotppdu1ggK7cAnG4lrRxg,2021-06-28 06:57:09,92,"1,914",6,34,Rp 520
Kuto,,UC0C-Ro2YqHXNf_s_AucwPVg,2024-10-23 16:48:29,6,553,3,33,Rp 517
MIM TAWANGSARI ,,UC9nxfdhDt1j_lhgd5LTKUpw,2024-06-12 12:10:33,73,699,5,33,Rp 516
Life ni Balong,,UC7VWzUmqdNRPYC224xHWNEg,2011-04-06 08:42:03,72,"5,949",22,33,Rp 508
Kuto Channel,Học và chơi.  Play and learn,UC9zHMs_X09RZg2mS3Exkoqg,2018-05-21 13:51:52,15,"3,077",74,32,Rp 503
sidomukti kreator,"ciptakan lah pemuda kreatif karena tanpa pemuda kreatif negara ini idak tak akan maju

Jng lupa subscribers channel ini di jamin anda puas video2 yg kmi tampilkan

Pemain utama
1.Kori haris s
2.Agus santoso
3.daffa
4.fadil
5.Niko reynaldi rivaldi
6.fiki
7.Aan setiawan
8.muslim
dan lain-lainnya

Cameramen 
   1 .Niko reynaldi rivaldi
   2.Kori haris s

Editor
  1.Niko reynaldi rivaldi


Ide cerita
    Niko Reynaldi rivaldi


Terima kasih buat kalian telah suport kami l love you kalian semua
kita semua indonesia good bye",UC-DG6ddUL8DvXUR4B4kOGBA,2019-05-28 01:56:38,132,"2,674",8,32,Rp 503
Jumadi Lempong,,UCWKE07xq1gHgPOKv4ZbaXSA,2024-12-16 14:32:51,0,477,2,32,Rp 501
KKN ANGGRASMANIS,,UCVFZySGwEOTmH8V4PEvtALA,2024-08-17 12:24:44,14,603,2,32,Rp 497
MWCNU karangrejo,,UCA8uSgoiqM9Ezq346yLI4yw,2026-03-04 01:00:33,29,32,1,32,Rp 496
SD NEGERI 3 SUMBEREJO Official,,UCImrUMBDwoxRXq8w3NGaSwg,2020-09-10 01:04:37,117,"2,094",10,31,Rp 486
Santri Temuireng,"Channel resmi Pondok Pesantren Sirojul Ulum Temu Ireng, Trengguli, Wonosalam, Demak, Jawa Tengah, Indonesia. Kami datang untuk menggugah kesadaran dengan keindahan.",UCV88XeXrIZr0SHtjdAG9ndA,2020-07-18 05:43:06,93,"2,120",11,31,Rp 480
A'al family ,Destinasi pariwisata pulau bali&jawa,UC7KiYIlpMcIbGUL5d-U_RSw,2017-01-13 04:22:22,22,"3,435",12,31,Rp 479
kuto,My Instagram ID @tekuto_kuto,UCux3ptrsGLU86ts9KglfNww,2023-12-22 13:14:50,50,825,4,31,Rp 478
Ropiq Mutand,Ropiqvangandu,UCIBdd6hdg6I8r_mux6YfTUQ,2017-11-11 15:09:31,22,"3,098",28,31,Rp 475
random adventure,"Religi, video lucu, petualangan, kuliner",UCy2iT1RpbOOWPBcVsmpOkTg,2018-06-03 16:19:16,4,"2,866",11,30,Rp 471
sumberejo sumpek,hanya hiburan semata,UCivK1G_XHQwOOvRLVgLDowg,2020-03-10 06:37:26,74,"2,203",14,30,Rp 469
BASWARA.MUNGGUR,KKN AB 81.097 GK,UCgEan4doRq4Zg-BVuhI8mcg,2024-07-24 11:43:12,11,589,14,30,Rp 466
MERDESA TV,Chanel Kegiatan Desa ,UCwjagKWebSOQIrL9KLTfoJQ,2017-01-07 02:41:48,48,"3,334",16,30,Rp 464
MI PSM Gempolan 1,,UCS-hoBymULePhLe7I9a54gQ,2022-09-01 08:04:36,8,"1,265",5,30,Rp 460
Balong Long,,UCjWPSuWMZS1eB2uDtqNz6kw,2024-10-15 05:33:16,4,498,1,30,Rp 459
TEKILA WATV,"Ke luwarga si uwa 
semoga kaliyan ter hibur dengan konten inh 
Dan makasih kalian udh nonton konten "" yh",UCztI56XvzyRKShhv-8IHUSw,2020-04-11 05:51:00,74,"2,097",13,29,Rp 453
Kwadungan Jurang Temanggung,,UCCbUpCWl5krVKIyPFECyhnA,2019-08-14 06:04:24,46,"2,331",7,29,Rp 453
SDN 01 MENJING JENAWI,,UCEMoKQNVIuVWNyqjP1sqnNw,2024-05-06 06:05:18,53,633,6,28,Rp 441
UNNES GIAT 3 KWADUNGAN,"Media Channel Youtube UNNES GIAT 3 Desa Kwadungan

KKN UNNES GIAT 3
DPL : Dr. Drs. Cahyo Yuwono, M. Pd.
📍 Desa Kwadungan, Kabupaten Wonosobo, Jawa Tengah.
📆 11 October - 13 December 2022
",UC7XK6rftt0k4X6UzqIswuXQ,2022-12-08 00:37:23,9,"1,122",3,28,Rp 441
Lempong chanel,,UCljrvSjeQUAoYJxrSXkZSDQ,2018-05-03 06:13:04,71,"2,686",25,28,Rp 436
Balong,,UC_3xQpsNPBzUDaMDETLA8_Q,2019-02-14 05:22:39,"5,450","2,400",11,28,Rp 433
Arek gumeng,,UCYEkjcYPXlokS4pysdqVPrw,2024-07-29 12:44:21,3,539,6,28,Rp 430
Ganten-Natural Mineral Water ,Welcome to the official page of Ganten-Natural Mineral Water.,UCJuUme92NiNZaUyfZfud_aA,2023-11-01 02:41:10,21,777,16,27,Rp 423
raalhidayah gempolan,,UCFM5LMLCVm8ZvJB3Ot075vw,2024-05-15 12:51:01,13,594,5,27,Rp 420
Munggur Story,,UC4lDjvi4rsFkQ3wDrOk6b9g,2022-03-06 17:34:26,3,"1,313",1,27,Rp 418
Galeri Tamansari,,UCl1m3dYmaV1OsjvvHr7Hh0g,2014-03-22 05:13:53,102,"3,882",25,27,Rp 414
Untari Trengguli,,UCFax-13VkCxyZ2pjAs-yNWQ,2021-05-15 03:37:32,4,"1,557",2,27,Rp 413
Balong / countryside life ,"I’m raising pigs from scratch. 
I hope that I can make the good pigs farm .",UCzKVoiUSXmAimqVu1zmRR-A,2018-09-18 16:59:39,2,"2,407",3,27,Rp 411
erry hugh hugo,,UCnwLJOI0UMtxRUs-xW12cQw,2015-12-23 18:38:06,6,"3,280",69,26,Rp 410
Karangrejo Channel,"Channel ini merupakan channel resmi dari Lingkungan Karangrejo yang berlokasi di RT 15, RW 04, Dusun Podang, Desa Bendoroto, Kecamatan Munjungan, Kabupaten Trenggalek, Jawa Timur.

Channel ini berisi video-video dokumentasi seputar kegiatan di lingkungan Karangrejo maupun hiburan-hiburan yang akan sangat menarik untuk ditonton.

Jadi jangan lupa untuk subscribe channel ini!

Terima kasih!
",UCSwTFYCi_UX9WQKGicarYBg,2020-11-21 05:38:04,32,"1,694",2,26,Rp 408
ibnu khanifah,,UC_Ccm7X3HrOmo4qi121qmbg,2013-11-13 04:24:53,46,"3,841",30,26,Rp 397
studio art munggur 99,"Studio Art Munggur 99 Yogyakarta, tempatnya orang berkeratifitas",UCmmojBXu8zPHjCovU9hotRA,2011-03-23 13:40:39,28,"4,652",45,26,Rp 396
anak anak TAMANSARI official,,UCi-6-DVt3Uy--B1tuUJCMhg,2020-06-23 12:39:14,48,"1,765",2,25,Rp 395
kknt9 Sumberejo,,UCgxMtNcMrFNXif-GtLl7trg,2026-02-13 11:14:57,0,25,1,25,Rp 388
deastimentis,Kegiatan harian,UCAVgKQKpRmhcuvuDc0IehnQ,2020-05-26 14:26:41,5,"1,750",10,25,Rp 386
Story of Sunday,Daripada stress mending healing 😎,UCvGXmsXF70OfBq5ueImQN_Q,2015-12-27 12:37:15,19,"3,055",8,25,Rp 382
LEMPONG PP,"kalo lu ada video yang menarik buat gue post, silahkan email ke : 
aswi7022@gmail.com 
tetap ucapkan good game pada saat tim lu rata ",UCBA1nAidzH0kHFu70_B8VJQ,2022-02-24 08:04:19,3,"1,203",14,25,Rp 381
SD Negeri 2 Tamansari,,UCMGuA2Uh_7LzOhLUcukVMYQ,2020-08-19 09:56:49,85,"1,623",12,24,Rp 373
Tawangsari Boyolali,"Saluran Youtube Resmi Pemerintah Desa Tawangsari, Teras, Boyolali",UCBHQ5HdpC3gXCR1dW5JkR9A,2023-03-09 04:06:02,15,873,14,24,Rp 372
TK DESA KARANGREJO 03 ,,UCZZ0z8X5CsWQSlkxs70-hAA,2022-08-14 23:06:32,63,"1,035",11,24,Rp 371
Desa Karangrejo,,UCk2dNU0D9YznSCqE1-cevvw,2023-06-27 03:34:38,7,780,1,24,Rp 370
MTs Muhammadiyah Tawangsari,,UCH-JQjWc0sBoLOxxhXslaIg,2023-05-25 04:13:31,49,801,6,24,Rp 367
SDN 02 Kedungjeruk,,UCJ1EDu3pyTqGXKmWy4obiiA,2022-08-31 10:17:49,22,"1,009",5,24,Rp 366
Munggur Universe,,UC7-uhf4sNAE-quMsGEc9qOQ,2022-03-10 08:06:50,6,"1,111",12,23,Rp 355
Nanda Menjing,,UC9PKYmtaHzmmYM_NRUm6-Kw,2022-10-11 05:33:45,1,939,3,23,Rp 352
Yatipendi15,Facebook yatipendi,UCFpHl1XZWZpTEfrjCsWzKlQ,2016-05-13 16:55:14,16,"2,674",16,22,Rp 347
sidomukti sound&film official,Jangan lupa like &subcribe,UCXvrvlfvfYLAUVcXYyGoT7g,2019-12-19 14:01:49,30,"1,686",7,22,Rp 346
sd negeri empat sumberejo,,UCgormWr8b7GFjGmsPIctMOw,2024-11-21 05:40:19,32,347,3,22,Rp 345
wang gumeng,,UCxy1MhTQQZcpKepjU3Zo2NQ,2024-08-19 10:06:38,0,416,3,22,Rp 344
DESA KARANGREJO,"Official Channel Youtube Desa Karangrejo, Kec. Blimbingsari, Banyuwangi, Jawa Timur.


",UCelyFHeYtBMkkOlYd-Kw-UQ,2019-10-07 14:50:00,"2,130","1,714",2,22,Rp 341
SIDOMUKTI EMPAT,,UC351N_RZ2D3nRNU96ugLgwA,2022-12-20 16:53:51,50,838,2,21,Rp 333
Caberawit Kedung jeruk ,,UCOAPewHcZk3q_kUDvvMS1dQ,2020-01-03 06:10:31,25,"1,608",8,21,Rp 332
Sumberejo official,"Jangan lupa subscriber ya sedulurr Karena Vidio ini hanya di buat untuk hiburan semata:)
  


SALAM S  O
",UCTezYCYj-dyKR541b-1WGZw,2019-10-31 09:58:28,160,"1,638",9,21,Rp 329
SDN Gumeng,,UC4xQktfaQXbbcyN3GfVPsJQ,2022-06-26 14:19:17,23,946,8,21,Rp 327
DESA SUMBEREJO,,UC9YB2IE0SppcpwzQuTw3aGQ,2025-12-31 14:14:57,2,44,1,21,Rp 325
Pramuka SDN Kwadungan,,UCCrVhsa0z6AYjxI-A8Sa-zg,2023-08-09 03:01:24,56,653,1,21,Rp 324
bebas konten,,UCWaPoroMLaadBQViMGGDLDA,2021-06-02 08:33:38,3,"1,204",2,21,Rp 322
Desa Sidomukti,,UCPtjdAJlg0bHhAdjxnI7s2A,2025-11-30 11:58:13,1,65,1,21,Rp 322
SLBN Sidomukti,,UCtsXYhjAxQgBBNeIE6YWVRw,2022-06-21 02:31:39,50,933,19,21,Rp 321
Kuto,,UCZZk-_WAuP_DSmUD8oXUUJw,2016-07-10 17:03:54,6,"2,420",2,21,Rp 319
Muhammad Taufiqurrohman,,UCzxP3h0Usenz3kA2pBbJg2w,2023-09-27 22:53:23,0,608,4,21,Rp 318
Desa Kwadungan Gunung,"MEDIA INFORMASI DESA KWADUNGAN GUNUNG, KECAMATAN KEDUNG, KABUPATEN TEMANGGUNG, JAWA TENGAH",UCC79i0gNfGtWnRhtW2czZ1w,2014-03-08 03:53:55,46,"2,939",7,20,Rp 312
MIPembangunan Sidomukti,,UCGsdQUwoxrYCqPRMk7OBsRA,2020-03-09 00:51:46,73,"1,431",7,20,Rp 304
dianekawati anggrasmanis,,UCTPpNnlJr_7VO-nlbRzLF5Q,2022-02-16 05:43:15,2,957,31,19,Rp 301
SDN Gempolan,"Tim Kampus Mengajar angkatan 3 di SDN Gempolan

Haloo! Perkenalkan kami peserta kampus mengajar angkatan 3 yang bertugas di SDN Gempolan, Kec. Gurah, Kab. Kediri, Jawa Timur. Video ini menamilkan profil masing-masing peserta kampus mengajar dan beberapa kegiatan menarik selama program berlangsung lohh. Penasaran kegiatannya apa ajaa? stay tuned✨

Instagram : @km3.sdngempolan

Tim Kampus Mengajar angkatan 3 di SDN Gempolan
1. Ahfad Sainrait Muhammad - Universitas Negeri Malang
2. Nisrina Nur Aisy - Universitas Negeri Surabaya
3. Raudhatul Jannah - Universitas Negeri Malang
4. Sayyida Nuriyana Shufi - Universitas Jember
5. Sylvia Yusvita Dinietika - Universitas Kadiri
",UCkcyO6HD37-Pb___8AEtOOg,2022-06-16 22:24:44,72,870,1,19,Rp 298
KKN-K 056 Sidomukti,Official YouTube Account of Group 056 KKN-K #2 Jember,UCazIsT0N_Fy8ddqOFLHffGw,2023-07-23 12:36:42,8,611,7,19,Rp 298
sidomukti channel,,UCyomH7I4iilSYupXjLlGYJA,2018-10-10 13:16:32,41,"1,722",24,19,Rp 296
BERITA MUNGGUR,,UCLUJloAqqWpbGtmTJMADzHg,2022-08-07 21:00:17,88,817,2,19,Rp 291
KKN 77 SELOROMO 2024,"Kuliah Kerja Nyata (KKN) 
Tematik Moderasi Beragama
UIN Raden Mas Said Surakarta
Desa Seloromo, Kec. Jenawi, Kab. Karanganyar
2024

e-mail: kkn77seloromo2024@gmail.com
Instagram: kkn77.seloromo",UCv-WgIhwy-yfw_JVREPfK9Q,2024-08-01 08:06:27,9,363,1,19,Rp 291
MIMU Sumberejo ,,UCkW92tp4fImHzT6cvGc63ig,2024-02-27 04:33:13,29,458,8,19,Rp 289
SDN1 KWADUNGAN,,UC0qU-ZIzalBjnkiz1Q2Yusw,2022-07-11 07:03:12,19,824,4,19,Rp 288
Ahmad Bayhaqiqi,,UC8kuWc3Fnszh1FsvghhF2xQ,2019-07-26 12:35:45,15,"1,436",1,18,Rp 277
SDN 01 KEDUNG JERUK,,UCU7mKnJDrkvpRnkDk98apqQ,2022-04-03 06:54:27,32,830,4,17,Rp 270
Nugroho Sm,Penikmat Alam Sekitar,UCtIVDrrYVxIpvKwdk0Yv8qw,2013-01-17 10:52:34,24,"2,770",40,17,Rp 269
Anak ganten,,UCoV_-b_fjHel0PJA7WgqnMA,2021-11-30 12:05:25,11,892,5,17,Rp 267
KhotiRagil Lempong,,UCEVy6RpLxbmZD79H2fm9bmg,2023-07-29 13:22:24,1,543,4,17,Rp 266
Zahra Aulia,Indonesian. INFP. Suka jalan-jalan dan foto-foto ^_^,UC5rFOdBiSRtw2ZS9hFHWQxg,2013-11-17 05:26:15,26,"2,557",11,17,Rp 265
Semarak 78 Seloromo,,UC_wDc4WaUhnFZC4_1ITOiBg,2024-09-11 07:54:52,11,306,1,17,Rp 264
LINTANG LINTANG,KERJA KERJA KERJA,UC7U0n7DqrhhJG14LS9QfUBw,2016-10-31 02:35:03,34,"1,934",46,17,Rp 264
Official Sidomukti Story,"Sidomukti, Kabupaten Lampung Utara, Kecamatan Abung Timur

Jangan Lupa Like, Commen & Subscribe",UCqIZIAZIIu4BKIWD3r7ZLSw,2024-06-15 18:16:29,17,352,2,17,Rp 261
BPP Jenawi Karanganyar,"Haloo....selamat datang di Chanel BPP Jenawi Karanganyar
Memuat Video Tentang Dedikasi PPL Jenawi dalam mendampingi Petani dan Segala Macam Pertanian di Kecamatan Jenawi
",UCGoR8ourqwvmPQa2yyUM2Dw,2022-09-21 02:07:00,15,705,9,17,Rp 260
Ganten,,UC1-57SkxFPOLKkcPe2YGBuQ,2019-06-20 15:30:01,7,"1,370",6,17,Rp 260
KKN 70 Kel 121 Munggur,,UCxQk6H9Ci4Vqg-OHqDrhMkg,2025-05-18 09:47:09,1,162,2,17,Rp 260
Lester Menjin,,UC1i9uoHXGRZIQODNTivX5Yg,2025-09-24 02:57:22,0,89,1,17,Rp 257
SD Negeri Karangrejo 1 Wonosalam,,UCHriHyEEzh9s4IAuiwM_78g,2024-04-23 06:48:06,37,373,1,16,Rp 255
// LEMPONG //,Semoga sukses,UCgnWbQVbZa6aLBktedVq_aA,2021-09-09 11:44:27,1,886,1,16,Rp 252
Kuto,I make mobile ganer content,UC8sewKWp4GkR58f9q5owbIw,2013-06-02 21:22:38,28,"2,497",57,16,Rp 249
KKN 77 UNS 2026 Desa Karangrejo,,UC9tm5Eyo7eetACdeu4XAHzQ,2026-02-24 04:31:50,1,16,1,16,Rp 248
Sidomukti,selalu belajar,UCtPInPHPJ4Y12GqTtV41jEg,2020-07-12 14:14:39,25,"1,087",7,16,Rp 245
Aris Ganten,,UCV5uNIMFL-XS4-2VWcXFYtw,2023-03-12 01:37:32,10,571,1,16,Rp 244
Sidomukti Official,Mbaurekso Pawinian,UCUfyOe6-H7DeGvXeaj1AQzg,2022-08-26 07:29:54,7,666,7,16,Rp 241
GAS HOREE,"Kami berbagi kesenangan dengan melihat video kami, tarikan gas dan jalur untuk hiburan dan menyalurkan hoby, kegiatan hanya sebagai sarana refreshing menghilangkan penatnya situasi kerja

#gass hore
#gas ganteng
#gas fun",UCq4aJmWLbYbmJ1W7RMSB4jQ,2013-01-14 22:01:50,21,"2,481",34,16,Rp 240
KURIR LEMPONG,Cah lempong,UCIn6LgKrpqJUMZRJKedsOew,2022-05-21 17:45:53,0,713,1,15,Rp 240
fff rad gumeng,,UCAvitmRd9kteXsvB10REVUQ,2023-08-25 16:18:11,2,471,13,15,Rp 238
Desa Karangrejo,"akun media desa wisata Karangrejo
#Punthuk setumbu #Kampung Palawija",UCym7rPxHFZoy-H0WadL2c7A,2011-10-10 06:58:16,24,"2,683",26,15,Rp 237
MTs DU Kerangkulon,"Akun Resmi Madrasah Tsanawiyah Darul Ulum Kerangkulon
Alamat : Jl. Demung-Trengguli KM 01 Kerangkulon Wonosalam Demak
",UCmJp6KA8q40i_XGVZAIrzBg,2021-02-25 06:15:12,22,930,2,15,Rp 236
ermanovitasari,,UCAZvzG_9DG3fv73RMrXmr9Q,2020-09-14 04:03:52,73,"1,005",19,15,Rp 234
BALONG TV,music lover.,UClVP28LhnE6oNSZZTa9FRnA,2013-05-24 10:31:49,10,"2,343",34,15,Rp 233
kknliterasi desa kwadungan,,UCb2SImbmVa4zsTh0ZHT9KyA,2025-08-21 08:02:38,0,97,1,15,Rp 231
karangrejo Pwr,,UCDOYrXqMY_4VN8_X2Uwxhyg,2021-09-15 15:18:09,12,809,1,15,Rp 231
KKN TEMATIK UNISSULA DESA TRENGGULI,,UCRRa_oM2CbKjcb3sWojKe-A,2021-02-07 09:01:57,114,908,6,15,Rp 228
bpp kwadungan,,UCb3XSkBWyYYbLF8Esk49FJg,2021-03-05 05:13:35,12,867,14,14,Rp 221
balong,낙산해수욕장에서 일출 5분전,UCpXW3BQ2SPfPqEuQ3ylpZtw,2015-05-20 14:02:04,3,"1,871",1,14,Rp 221
Children of Trengguli,,UC_InP4aXR_vT34W-MMJVuKg,2020-12-02 01:53:17,50,877,4,14,Rp 213
KABAR KWADUNGAN,Info terkini seputar kwadungan dan ngawi.,UC17Smh6f2BGU2rPZw6ZoPWg,2018-11-19 15:26:25,22,"1,215",12,14,Rp 212
SMPN 2 KWADUNGAN,,UCD6xR_7TetXFiyBufZQmAjQ,2024-05-08 00:12:58,10,302,2,14,Rp 211
arek tawangsari,,UCwKqsVInw-EGYe9WlHAn78A,2017-07-08 14:37:13,5,"1,425",3,14,Rp 210
SDN Mojomanis 2 Kwadungan,,UCFO32G0w_CB33QcTt6ZNcmw,2019-11-11 01:41:17,45,"1,037",9,13,Rp 209
Munggur Channel,,UCHyrT7EAJCS5eJvght8n3-Q,2018-11-04 12:45:59,18,"1,196",7,13,Rp 208
Munggur Tv,Film pendek,UCOwNBoIc6GxNTepqIziFaTA,2019-02-11 14:37:22,75,"1,115",2,13,Rp 201
Ulfi Lempong,,UC_hn7QOps-c-1CsctYY_Pyw,2025-05-23 03:56:17,2,123,5,13,Rp 201
Desa Gumeng,,UCZ16aUlBeltOvnVX8IKdCAA,2024-07-14 23:37:18,7,257,1,13,Rp 200
romydwitunggadewa,,UCV65XhU75TnI2pEZ9vxCx9w,2019-12-15 13:10:44,12,967,10,13,Rp 198
Lempong Zoom,,UC6Q2-sS7gooxl4qrWQOHSyQ,2011-08-20 04:48:46,7,"2,239",8,13,Rp 196
balong,,UCb32OQb7d6jc_glFFjE8TGg,2025-11-10 14:45:05,0,47,1,12,Rp 192
PPK Semarang-Demak-Trengguli,,UC0R_W1jvU1B7E3Kf12Qx7zQ,2016-06-16 14:16:31,3,"1,440",1,12,Rp 189
Amin Lempong,"Selamat datang, Simak video random channel ini selengkapnya.pasti sangat mengesankan..!!!",UCGspuXj9VryrTE-t9mlQ_mg,2022-12-23 15:06:22,3,472,6,12,Rp 188
Isto Botok,,UCu8wNNkKMUmcv-t4gLqKxUA,2025-06-13 06:53:56,0,105,1,12,Rp 185
KKB USB 2022,Jenawi Coffee Farm | Pupuk Ngremboko,UCKo7IRSC5Y9NPpuCyQLviTw,2022-12-14 16:22:03,13,460,5,12,Rp 182
Suprat Trengguli,,UCX2FR48ptCz6UHcoSODxRqg,2022-07-14 18:19:21,3,519,1,12,Rp 182
Syahrie Muharrom,,UCfNOohnYCnz3vhshaLZhSVw,2015-04-12 22:03:29,36,"1,539",24,12,Rp 180
Arya Kosmanto,,UCduO-90CNhZ0e6g4-19kmgA,2016-10-02 05:16:50,230,"1,329",11,12,Rp 180
VI A Mis Kedungjeruk,,UCs0hXS-Z9EVDctTksDdM2YA,2025-05-22 15:33:48,10,110,1,12,Rp 179
TANGERO GUMENG,,UCjqXyahyU4-jOWxz2esXwVg,2023-12-28 15:44:39,6,304,4,11,Rp 177
Hazel and Balong,Weekly vlogs ,UCKKHdv4AeU-EK3maAMU0j3w,2022-10-16 12:14:41,20,471,9,11,Rp 177
Sidomukti Channel,Semoga bermanfaat untuk warga Desa Sidomukti dan sekitarnya,UCIOihJWruGTGdwh0roASCgQ,2021-05-08 17:26:57,13,671,2,11,Rp 177
MADRASAH NURUL ULUM SIDOMUKTI,,UCG5ijYvqHkR-HhWmkS9KSkw,2012-05-30 15:34:19,92,"1,896",5,11,Rp 175
SD NEGERI 2 TAMANSARI,,UCGX6KiyTpMkXAAUU7rwJqng,2025-07-23 12:48:05,16,84,1,11,Rp 174
SD NEGERI 02 KEDUNGJERUK,,UCCSbmPF6HPqfkZQTrEpKBYg,2025-04-24 07:16:31,6,117,1,11,Rp 173
Kwadungan oke lah Oke,,UCOgLTLobU4irzNST2bzm9uQ,2020-04-14 09:54:21,4,790,8,11,Rp 171
Tamansari,,UC4htjVSBIi7jnX9xj7d8EyQ,2020-11-27 04:00:10,1,702,1541,11,Rp 170
Nonna Isty,,UCcXkpI869mmlUFcPZJYr6WA,2020-11-28 05:15:47,8,701,6,11,Rp 170
kwadungan lor,,UCa7Ux_U-LaBgpbJROQmquSQ,2020-01-22 09:42:46,17,810,4,11,Rp 169
Desa Gumeng,,UCt1Q_whXEzVMlerBE0WCUtA,2013-08-25 10:12:46,9,"1,610",1,11,Rp 164
KUTo,"こんにちは、KUToです。
形に残すためにYouTube始めました。
聴いてくれたら嬉しいです。

Twitter ・ @benben5656b",UCtVOuj0U5ucuqn69KaBvYsg,2023-06-01 04:53:11,22,353,2,11,Rp 163
Amunisi Sidomukti,,UC9Yr7wdL_tn8360EutnWfGA,2019-05-02 10:53:35,37,862,10,10,Rp 160
balong,Always be kind❤️,UCUGX-Zh6Xy93st2HNCMYtpg,2026-01-31 21:35:10,1,11,1,10,Rp 160
Masjid Al Falah Gempolan,,UCm-9gOhUPN0vwlhgOUJ0FWA,2020-04-27 08:53:44,85,719,17,10,Rp 156
Pii Lempong,,UCi9Y3zCFB0SrtSP0i5lYjoQ,2016-10-07 14:39:36,2,"1,149",3,10,Rp 156
PRA KARANGREJO,,UCoTU0lCvwV4GoaCOqZLdXEA,2024-10-27 11:26:20,7,160,2,10,Rp 151
parno gempolan,,UCO04xxBvTejcCoZ3df4cbBg,2023-05-29 12:39:33,0,324,5,10,Rp 149
karangrejo,bismillah ,UCtQCDZHZlXSKXhUTAgnX4-g,2020-02-16 05:16:48,3,698,3,9,Rp 147
Sutarno tarno,,UCCA8tHh5t6ffty8xc5BwMqw,2022-09-17 08:12:10,1,399,2,9,Rp 147
SD Negeri Karangrejo,,UCn-h_xCUODHniCGTXULrv-A,2021-06-26 01:30:01,26,526,6,9,Rp 143
Ganesia ganten,"Ganesia
",UCmcTvLFUgf4FJAGft5mr1Gg,2023-12-25 22:37:27,2,243,7,9,Rp 141
keke chanel,,UCb4blEPzk1w37ueXsmqc2tA,2016-09-05 06:47:31,10,"1,044",20,9,Rp 140
Puskesmas Tawangsari Sukoharjo,,UCuUHT3Xy8YAeb2erJ0kKUoA,2022-03-31 10:42:03,41,430,2,9,Rp 139
Desa Anggrasmanis,,UC3bEZ6NjYkCakkBk6dVzfHQ,2022-07-27 12:44:50,12,392,1,9,Rp 139
PKK Desa Trengguli,,UCpsvehUBFTQJN4haQPX6PYg,2021-11-11 02:32:51,62,465,1,9,Rp 137
Daily Life In Karangrejo,,UC8WjYjQh9wWB5fwGSBCzz3Q,2022-07-22 01:10:41,10,385,4,9,Rp 135
Karangrejo Mengaji,,UCzJyZCGPfzYYJi-kD3JZj6g,2019-12-13 14:19:12,31,654,7,9,Rp 134
Rapsm Gempolan,Pendidikan RA masa kini,UCG0UaunFHEUpoL5XymuwyFw,2019-10-19 13:34:21,6,668,7,9,Rp 133
Munggur PetShop,"Pet shop
Pet food
Pet grooming
Pet boarding
Pet accessories

MUNGGUR PET SHOP
depan fashion icon, Cokrokonteng Jl. Ngapak - Kentheng No.5 KM 7, Cokro Konteng, Sidoarum, Godean, Sleman Regency, Special Region of Yogyakarta 55264

Phone / WA : +6282133773737",UCk8o5gammJJiYdHezmbSWFg,2021-07-02 06:01:46,2,484,2,9,Rp 132
Desa Gempolan City,Maju terus pantang mundur,UC0VY5FslAOUBWrHHLrocE1g,2020-10-06 14:50:02,22,559,4,8,Rp 132
Generus Munggur Tengah,,UCSvppDJbxtIWj9Lg81j5iEg,2021-04-15 01:18:16,38,501,4,8,Rp 131
Lala Po Cantik,,UCA4QJMtt7hCgbLOjunRHF0Q,2017-07-07 05:35:32,63,874,14,8,Rp 129
Munggur Gaming,Welkom Beck to my channel okenwikmik Adhwa Geming,UCx-nzkpcSjRV_tJlU5GoByA,2019-04-28 16:37:19,26,686,4,8,Rp 127
haki gempolan,1927,UC-2lahPySQ8kFdyWSNJUzfA,2019-11-22 06:25:01,5,626,3,8,Rp 127
kpm kwadungan jurang,,UCe5B9FjC8FlaYDNXmq5MFRg,2022-04-03 08:07:56,4,390,2,8,Rp 127
Balong Motovlog,Motolife,UCMyzh5oCQJiweG5Zz21U7ng,2017-01-14 18:06:33,16,900,6,8,Rp 125
Menjing marak,,UCwhkp5CcYDUQ2viAFP7kyVA,2022-02-06 10:23:15,12,389,8,8,Rp 122
fadhil reastu,,UCtT8iTrPomAMZXoKHkttx5A,2021-12-28 09:19:19,3,393,2,8,Rp 120
Kwarran Kwadungan,,UCgIzZ6nC5IsxBAZ3bwccOBw,2024-08-12 03:10:48,6,141,4,7,Rp 115
Masjid Assalam Kwadungan,DARI MASJID KITA BANGKIT,UCnN0f3twt3AabNKHuxNRsIA,2022-04-20 05:55:36,5,349,9,7,Rp 115
Yani Gempolan,,UCcoWJW07hIO3_w3Z02NtEBQ,2021-02-03 09:21:23,0,447,1,7,Rp 112
KKN 340 Anggrasmanis,,UChYBY3KDX9HOXmrwtko_KzQ,2024-09-08 01:26:29,2,130,1,7,Rp 111
botok,Hi mam sir ... Good day Po sainyo ...,UCYlsuBKknsj3gNMmDjnpFiQ,2020-05-24 14:40:16,16,494,13,7,Rp 109
lempong endot,,UCnv6jABxodbvz9qD1iaPlVA,2019-08-08 04:53:11,9,560,52,7,Rp 108
terowongan munggur munggur,,UC1bEtag7u50dnFG2epyrFkA,2020-07-02 08:24:08,11,479,7,7,Rp 108
Mila Kurniadi,,UCHpvOvVg5wjrEHpzpg8SWGg,2023-01-26 04:53:20,9,259,11,7,Rp 106
Handy Febrianto,,UCY48y-2RmSWcu0t4DNWWCNQ,2016-09-04 13:50:12,10,787,1,7,Rp 106
Komunitas Belajar Kec. Kwadungan,,UCjPRWWLlCD7QObf5slBhUSw,2024-06-05 04:07:23,40,143,3,7,Rp 104
KKN80 SIDOMUKTI,,UC1lMB7RsQsH5jptzme_hVaw,2024-07-30 04:26:41,1,129,1,7,Rp 103
Mahandika Official,"MAHANDIKA (Maju Hanya dengan Doa dan Ikhtiar Karena Allah)
mahandika.munggur@gmail.com
Munggur, Srimartani, Piyungan, Bantul. Yogyakarta 55792",UCffpc9YWQu4-qti3nZrLhHQ,2014-09-06 18:31:44,26,924,3,7,Rp 102
KKN UNS 336 Trengguli,,UCDGeIwTmMBXROBHIXbw3i1w,2024-11-06 19:33:25,3,106,1,7,Rp 102
kartar RT 05 kwadungan,,UC4CWKrCvzgkJ6AhvQBykBqA,2023-03-29 05:13:05,11,235,4,7,Rp 102
Kuto,Just having fun,UCmkG0MHJDS1dGUnWOwRqOcw,2018-07-17 13:33:40,61,609,10,7,Rp 102
Soenil Mpv29,,UCSw1H6lrPwZr2R-XPXaL_wg,2016-07-26 13:50:10,4,762,5,7,Rp 101
KM7_SD Negeri Trengguli 03,,UCLlHHqNEefOC8C-1NnRje3g,2024-03-02 02:52:26,5,158,1,6,Rp 100
KKN Unsika Desa Kedungjeruk 2024,"Salam sejahtera bagi kita semua.
Assalamualaikum WR. WB. Shalom, Om Swastiastu, Namo Buddhaya, Salam Kebajikan.

Perkenalkan, Kami Mahasiswa Angkatan 2021 Universitas Singaperbangsa Karawang dengan jumlah 18 Orang yang sedang melakukan Kuliah Kerja Nyata (KKN) tahun 2023-2024 Gelombang II di Desa Kedungjeruk, Kecamatan Cibuaya, Kabupaten Karawang selama 1 Bulan dibimbing oleh Dosen Pembimbing Lapangan Bapak Muhammad Mury Syafei, S.Pd., M.Pd.

Intip dan Nikmati keseruan kami dalam menjalankan kegiatan KKN tersebut dengan seksama di channel youtube ini dan jangan lupa subscribe agar tidak ketinggalan keseruan kami yaa! Terima Kasih.

Best Regards,
Kelompok KKN",UCdiUSnw6Zd9d7t-SkajBk3g,2024-01-28 06:55:29,5,164,6,6,Rp 100
Kkn Anggrasmanis65,,UC9pzDaAXLmq8RvcUXpN4_pg,2024-08-02 15:17:54,4,122,1,6,Rp 98
Kuto,,UCefRsKPRI_gKAcrZ2UrqqrA,2019-05-09 18:39:50,43,517,5,6,Rp 97
GUMENG CHANEL,,UCwsy6NrYWxX4akX8dLHAw2g,2016-06-14 08:11:37,6,730,9,6,Rp 96
Sdn03 Karangrejo,,UCMq3tdVEcWs_hlr-BtrNmKA,2020-11-10 01:41:13,22,399,4,6,Rp 96
GROSIRIA ID,"Toko Komputer Lengkap Surabaya
• Laptop
• Printer & Scanner
• PC Desktop
• Alat Kasir
• Supplies
Alamat : Jl. Embong Trengguli No.22, Surabaya
WA : 0895-3950-64217 (admin)
",UCPozJHFh552BrZulEzm1V6Q,2021-03-16 12:10:26,15,369,3,6,Rp 95
Siti Maryani,,UCy-tdMVvZ2gwmvwIJgs1eZw,2019-08-02 09:59:48,16,484,18,6,Rp 94
Botok Botok,,UCIn5LFLaOM5NeQeGTFFMGAA,2026-01-12 07:44:04,0,10,3,6,Rp 91
MIM Munggur,,UCvw5JoBubTR113Bt7EkbB6g,2019-07-14 10:34:38,14,472,3,6,Rp 91
KKN KEDUNGJERUK 2024,"UNIVERSITAS SINGAPERBANGSA KARAWANG
",UCMhBid1cMB5lb1-mcCpmRDA,2024-02-07 09:23:52,7,147,1,6,Rp 90
BALONG-anime-&-movies Panililinan,,UCzjAE1OngBMBJ2iW-hy0UXg,2025-12-25 11:21:48,0,13,1,6,Rp 88
Anak Tawangsari Jombang Kocak,,UCqs4Le1VrrR8T1MEzB9wrrw,2018-02-19 00:54:06,12,543,5,6,Rp 86
Brutal FC Tamansari,,UCB9O3GCJfjn4iSv_ibKVlOg,2019-07-24 08:09:05,12,445,6,6,Rp 86
Gumeng TV,,UC6WAKP9UdulVkp0pSEaDqPw,2022-07-01 04:50:16,14,247,1,6,Rp 86
tamansari,,UCW5xuGoYArRSWRoCoEbJVEA,2020-07-14 00:34:23,7,364,3,5,Rp 82
BALONG AND FRIENDS,,UC7pUtd5I3MVKcMXTO545zyg,2016-10-07 01:04:40,28,607,2,5,Rp 82
SarizaFajar,Bismillahirrohmanirrahim,UCSFsr4jKRVKKjPdgL1IbYLQ,2020-08-04 03:06:58,24,360,4,5,Rp 82
SieHitam,Setan yang sesungguhnya itu adalah manusia yang kehilangan akal budhinya !!!,UCak151okOO0IpjvMZ19I6eA,2017-11-15 13:12:56,3,526,22,5,Rp 81
Dolan Trengguli,,UC9mqOMHFk-H7y4XOwAcoSLQ,2016-12-27 09:45:55,4,578,2,5,Rp 80
Untung Sugiono,,UCnSWo5HQNS9OhDiZzBF8V3w,2015-05-28 22:22:59,6,677,5,5,Rp 80
Lili Sismadia,,UCxMz6vp6Ysjg67bGE4WcwVw,2022-05-10 03:50:21,4,237,9,5,Rp 79
BOTOK - Bocah TikTok,,UCbFuxANSC87PCcP9n68ShWQ,2020-03-30 07:20:39,22,368,9,5,Rp 79
MI PSM GEMPOLAN 2,,UCpGIQ3c4UDYol4FpN9Ug66w,2021-11-24 02:00:21,13,265,5,5,Rp 79
Afik_untungS,,UC6kOOr9FcRCoRbEFkSmN-Cg,2014-11-21 17:04:07,7,678,13,5,Rp 77
riski cah Sidomukti,yeeee,UCAYm0d5CMIvkFaz7BprVNjQ,2021-02-03 03:11:28,4,303,10,5,Rp 76
SDN Tambakboyo 03 Tawangsari,,UCsBNKcKVMhHdiao9vaKrwUw,2024-06-22 15:26:32,6,101,3,5,Rp 76
Arek (Menjin),,UCWwSkpPsx9didKCqdmTbwdQ,2014-01-12 13:45:36,0,720,1,5,Rp 76
kkn menjing 2025,,UClFZ7qZiOWd1N75JzC5L6RA,2025-09-30 14:24:44,0,25,1,5,Rp 75
Cb botok,,UC5EbqSfmLl34NrnSo73fNEQ,2024-07-14 09:37:25,1,96,3,5,Rp 75
Hammka Kwadungan,"HAMMKA (Himpunan Angkatam Muda Muslim KwAdungan)
~Minority in Quantity, Majority in Quality~",UCCZB7hp8DxbCScztqFEfq5Q,2019-08-19 12:35:32,17,381,6,5,Rp 74
N. Malichah,,UCZ-qsY6KfmH9CwhHFODWa9w,2012-01-15 05:33:06,1,820,2,5,Rp 74
botok,,UC3VKm3kRvzVHPi_sEs77s7A,2023-10-26 19:47:51,4,135,3,5,Rp 73
PASSE Flow Gumeng,,UCWzgChpC9hHmGQBmmxTVkfQ,2025-01-31 23:54:40,0,62,6,5,Rp 73
Yahmin Tawangsari,,UCsL5MJwqhFX5Wa54fPmpQvA,2016-07-19 17:31:25,6,545,1,5,Rp 72
Meito kuto,"Artist from Chicago, IL Just starting I make Beats n Rap",UC0bL_P5wwazLOx4Johv_dzA,2022-02-28 15:29:24,5,227,14,5,Rp 72
Sayur Botok,,UCWl1kjL4xw2d2otvxvZ4F9A,2025-03-08 12:59:47,0,55,2,5,Rp 71
Sdn04 Seloromo,,UCatzW66gR-2R_kMgTBFcyrg,2022-12-09 07:13:55,6,176,1,4,Rp 69
Ganten ID,,UChjKyF1UPymRfNIteYDCWcQ,2025-02-12 08:01:32,0,57,1,4,Rp 69
SD NEGERI 2 TAMANSARI ,,UC2scRCsCUnZvEAppZuwnMIQ,2024-11-22 09:34:03,3,69,2,4,Rp 69
Gempolan Cell,Indes12345,UCpJlBqCUfuii8PKxdbEVzOw,2017-11-07 07:26:40,11,447,7,4,Rp 68
Jar Wanto,,UCRbc6KqAF23p4KKPCXBDkCQ,2020-01-01 17:57:33,2,329,4,4,Rp 68
KKN No.66 Desa Anggrasmanis Jenawi 2024,,UCgqxP_kwzn-AueaC85sLYgA,2024-08-02 13:01:34,5,84,1,4,Rp 67
Deti Nurlaelasari,,UC8PVRigKRKiHNE4Culxs4tw,2020-07-13 03:08:24,27,290,3,4,Rp 65
Gege jtm,,UCnBJ8Eo0447C5jW-mKv-oIQ,2018-06-13 15:17:04,4,394,3,4,Rp 65
mama shafakia,sekedar hiburan ,UC8zIDMEuAixgGCjc7UlhPiw,2015-08-13 13:10:33,6,534,5,4,Rp 64
TUKANG NDESO,produksi interior dan kitchenset alamat kedungjeruk rt03/rw15 kedungjeruk mojogedang karangnayar telp:085291611707,UCIFckb1Pg1nzen5GNgPEVuQ,2019-11-04 14:57:06,20,315,3,4,Rp 63
Nanik Gumeng,,UCDieENb928TBPrpPhizioNw,2023-02-21 05:56:12,1,147,1,4,Rp 62
SD N 02 SELOROMO,,UCzPYRlCEWT-A4gyllKlUFEQ,2022-06-28 05:03:15,13,178,1,4,Rp 62
SD NEGERI TRENGGULI 3,,UC1VQVDMDiH92tK7tAYFzm0Q,2018-02-08 12:19:11,25,388,1,4,Rp 61
Tante Emma,,UC0_Sb-aNmQ3bvEZk8w-gn3g,2016-08-30 18:10:18,12,454,2,4,Rp 61
BOTOK Streamer,Gamer Streamer,UCpOWb9wACKlBi8lG6q6e_MA,2024-02-07 06:20:02,5,98,16,4,Rp 60
Lord Jokoo,Hallo guys saya ini youtubeer pula ya jadi coba coba lah,UCPm9MSMkJQ0pXYMVFZXWwAg,2017-08-03 04:50:17,4,404,1,4,Rp 60
ican botok,,UCDjGc_El76Ab3oViYJGzVHQ,2022-03-09 14:44:21,0,183,1,4,Rp 58
MUNGGUR KECE,,UCTjLU7Z6qI-7AVVSvJ8xt3A,2019-03-06 11:00:40,25,320,2,4,Rp 58
Shofa,Random,UCh4KsmLnvY7DWi9wSWtQTug,2022-12-28 10:32:48,10,145,5,4,Rp 58
Buyung Lempong,,UCn3A34bbtdCjm3YoFaNE9Kg,2023-04-13 18:20:23,0,131,3,4,Rp 58
KKN24MUNGGUR,"Channel dimana KKN kelompok 24 bercerita

",UCYPpzbKIl9hUCOitWg02cwg,2024-01-26 05:40:09,2,94,2,4,Rp 57
Ninahumor ,,UCpfFUvNgbIWF-dIWShqcJmQ,2016-08-25 14:19:00,6,423,5,4,Rp 57
Slamet gempolan,,UCEgTXK1UR7XOx8PEp975w2Q,2021-05-02 08:42:00,47,212,6,4,Rp 56
Munggur Butet,,UCwkFd6dEOHDjzQckJuqeenA,2018-09-10 17:39:46,4,326,33,4,Rp 55
DESA TAWANGSARI,,UCaok_RZBxTzuEGPd3WTcb6Q,2017-03-07 01:47:41,7,391,4,4,Rp 55
saimin gempolan,Saimin gempolan,UCm1pyCePnkEhlmhYbTyZGBw,2020-01-26 10:32:42,2,265,10,4,Rp 55
GKMI Sumberejo,,UCwgCtucOV5XHoaZdVjy4l0g,2021-09-19 17:04:18,10,190,2,4,Rp 54
Lempong,,UCAFCwKRbAYWG_cJDRGgaQzQ,2021-04-29 03:01:38,19,202,2,3,Rp 53
KKN KEDUNGJERUK 2,,UC42U4tg-FZd16SqfWm1oQLw,2023-10-23 12:19:04,3,97,1,3,Rp 52
mas_wanto76,,UCFMQOpHKdpcdLcG8nItw0NQ,2021-05-27 18:58:53,4,194,7,3,Rp 52
Desa Sumberejo,,UC5lWSl6MJOxjXpjQQF4CrIg,2025-12-31 13:56:29,0,7,1,3,Rp 52
KKN Undip Desa Gempolan,,UCFFmt_BlcqF_QvS0b6PI4Mg,2024-08-18 04:36:21,2,62,1,3,Rp 51
Giat 11 Desa Sidomukti,"Part of @kknunnes @unnes_semarang
👩‍🏫: Prof. Dr. Eva Banowati, M.Si.
📅: Januari - Maret 2025
📍: Desa Sidomukti, Kec. Bandungan, Kab. Semarang
",UCEMaejzQELV0SjbTyAd84Qw,2025-01-26 07:10:22,1,42,2,3,Rp 49
KIM Karangrejo,,UC8ywjW81zLZqDoygp2gre2w,2021-07-01 03:37:37,13,174,6,3,Rp 47
Slamet Gempolan,,UCxs9lji-3z2mMt8AThge_7Q,2025-06-25 06:43:30,0,25,2,3,Rp 46
Cerita Karangrejo,,UCwmmZ4Jkw1akv_Lt2_mQ3oA,2024-08-19 08:12:45,2,55,1,3,Rp 46
Intanazizahzzzzz,,UCZ4RytPWt9ZVdvpOKo3DHpw,2024-05-23 07:31:34,1,63,1,3,Rp 45
Kuto 1K,"IG: kuto.1k
Soundcloud: Kuto 1K",UCnIGzSfTrQ-QQbjLPz5Sblg,2017-09-17 18:22:23,29,296,2,3,Rp 45
nnnainsya putri,,UCpzZvzuCofHLyeFb30wiUPw,2025-03-10 12:13:55,2,33,4,3,Rp 43
pps desa trengguli,,UC9zkolGosGEk_1Sn7PRWv9A,2023-01-26 13:28:33,0,104,7,3,Rp 43
lempong,,UCGUZGFb4RztiLVkiFk0WkCw,2017-11-29 18:58:06,1,264,14,3,Rp 41
Agus Ganten,Agus,UC9uYSl1hy0Z6MC9labl49BQ,2023-06-09 22:12:37,0,87,6,3,Rp 40
Eteketek Gumeng,Youtuber pemula,UC6KzWFJEPPzFzi5qne9gqUg,2018-12-27 12:24:31,7,227,11,3,Rp 40
Taman Sari,,UCBklYi6w4ttpKH8Jo7H2lUQ,2024-07-30 21:56:45,0,50,2,3,Rp 40
munggur mania z,,UCnXoLVkuiAUpWwK4Wc31NXw,2017-02-16 15:12:41,5,278,7,3,Rp 39
KKN KEDUNG JERUK 1 Kedung Jeruk 1,,UCs5f1rAIn_pkh5RG95-E8Nw,2023-10-24 08:56:33,5,72,1,3,Rp 39
"PMM Desa Gumeng, 2022",,UCyfGGjWvwwZcrH8M2VcfERw,2022-09-28 17:09:19,0,104,5,2,Rp 39
Mawar Merah,"REAL LIFE STORY
.
jangan lupa klik tombol [ subscribe ]
dan tombol [ 👍 ]
.
Instagram : @_jeejeviin
.
TERIMAKASIH",UCH34tiH135EPy88odi0Qu_A,2016-12-05 01:11:54,38,280,3,2,Rp 39
Gadis Kayana,,UCXLGmnFOGFEIisT3CwgSP0g,2025-09-03 13:28:27,0,15,1,2,Rp 38
Andi Lempong,,UC92KrQ8LmC3bPF1avy5zkZA,2023-06-24 19:58:32,4,81,2,2,Rp 38
Gumeng Hsb,,UCtvIHg3B3KoSXexJeGGK2_Q,2024-07-02 02:50:29,0,50,2,2,Rp 38
SDN02 Anggrasmanis,,UClkfHEpNeItcDgbP0MpOEpw,2022-06-29 05:02:43,5,110,2,2,Rp 38
"TK Desa Pundungrejo , Tawangsari, Sukoharjo",,UC4a1hxGR-2mQqhISPdYRTMQ,2021-01-31 04:34:02,4,152,3,2,Rp 38
KURMA MILDA,,UCnG_l-USfrIMp2S8pm1WeZw,2022-02-18 13:55:07,1,120,6,2,Rp 38
Info Sidomukti,,UCUykvFOnZvjkvwXjzpowJvA,2022-03-03 03:53:47,6,118,3,2,Rp 38
KKN UNS SUMBEREJO,,UCOVlzHIgm44PCBGr5xQ3raA,2025-06-12 05:38:16,0,21,1,2,Rp 37
KKN 84 Karanganyar,,UC_lST96yBnCuzdbYwJbwi_w,2024-09-05 14:00:19,0,43,1,2,Rp 37
Rebeccah Kuto,"🔨✨ Welcome to Get Crafty with Bec! ✨🔨

Love DIY projects, upcycling old jeans, and flipping furniture into stunning home décor? You’re in the right place! Here, we transform the old into something new and beautiful  —whether it’s refinishing furniture, repurposing materials, or creating budget-friendly décor.

Join me on this creative journey and get inspired to craft something amazing! Don’t forget to subscribe and hit the bell 🔔 so you never miss a new DIY idea!
",UCf0GaM07v9qZ1-iSqPM7Dtw,2020-09-11 05:59:18,4,155,5,2,Rp 36
Chusnulkhotimah-Chanel Sumberejo,"Masjid Chusnul Khotimah adalah salah satu masjid yang sukses dalam bidang ta'lim,sudah puluhan tahun pengajian rutin terlaksana hingga kini.antusias warga lumayan bagus...setiap bakda subuh hari ahad tak kurang dari 150 jama ah yang hadir dalam pengajian tersebut...dan itu semua adalah warga sekitar .hanya satu dua warga yg hadir dari luar desa sumberejo...semoga masjid ini semakin makmur...demi dakwa dakwah dan kejayaan islam nusantara..amin.",UCsRFLtLxRkts22K0CSSTH3w,2017-10-14 10:02:28,0,233,4,2,Rp 35
Kkn224 Munggur.mojogedang,,UCOCOMX4gGn6zGahtTZdf-Fg,2024-08-02 16:32:03,2,43,1,2,Rp 35
arya Pati,,UC-p_h7dh6YWu7GCCsEZtRIQ,2022-12-26 02:56:21,2,86,2,2,Rp 34
SDN KWADUNGAN,,UCO7ZHiitNgQJajMj9vynPng,2021-06-16 02:24:03,7,126,2,2,Rp 34
KM6_SD N 02 ANGGRASMANIS,,UCiuHvbHOHwYhrFK4W3NSLTw,2023-07-24 10:59:41,10,69,2,2,Rp 34
botok channel,Jan ambis,UC5xaWk4-vaBjn3JzULH0CuQ,2020-12-04 12:09:36,2,136,6,2,Rp 33
KM7 SMP N 4 TAWANGSARI,,UCWeQSQpQoqwWWgh1BMHLbCg,2024-06-16 01:57:37,1,44,1,2,Rp 33
Nuryaningsing Gumeng,,UCwYag4rCuSSr5SlX713HWbA,2023-01-10 07:39:13,0,79,4,2,Rp 32
MBKM KKN GEMPOLAN,,UCgSmZdAXSUuNHuGz_8MSUVA,2024-11-13 13:24:54,0,32,2,2,Rp 31
saya ganten,,UCZxzLAWLSS3V5-D0MyiM-fQ,2025-09-20 01:12:18,0,11,2,2,Rp 31
Silo 29,,UCku7gMas6OpeSKL4kZ3muqg,2017-04-30 06:42:13,2,213,9,2,Rp 31
Mody gumeng,انا من مصر,UCRSrB61pQXrRPG8veXULvBw,2020-01-09 09:35:46,3,148,8,2,Rp 31
LEMPONG CHANEL,Makasih yang udah mampir dichanel ini.. jangan lupa untuk tekan tombol subscribe...,UCSA3prMSsFzs9jOSLGxE05w,2021-05-19 02:06:11,3,115,2,2,Rp 31
lempong CH,"metu bengi mergo kanggo sholawatan
ora dolan opo meneh dho pacaran",UCQKDa06R_k2xf6tQzldzU_g,2018-07-12 08:06:18,7,181,4,2,Rp 30
BOTOK OFFICIAL,Hobi voliiball,UC_uP6_6csOyStHfD40t4VZg,2021-10-30 16:12:56,15,101,3,2,Rp 30
lempong vlog,,UCA7RLF6qz6YmnWzIL7GwRTQ,2023-06-26 00:08:47,3,61,6,2,Rp 29
Ra roh,,UC7-6hs1hAXeJNe0iEK-06RQ,2024-08-08 12:42:44,1,35,1,2,Rp 28
BALONG TV official blog,"Funny video 📸 subscribe my youtube channel #balongtv
",UC0omkZ7AHTL_mkwYUwluGsg,2021-06-16 15:22:48,2,103,3,2,Rp 28
ardi ganten,,UC3WB2sjpznfqu626jfjTzWQ,2024-11-14 10:35:16,0,28,2,2,Rp 27
sumberejo the gank,,UCLB28vgA_kpcGZO4NpCy89A,2025-11-22 11:04:49,0,6,1,2,Rp 27
Sumberejo Bersinar,,UC4RMV0PBDF3mDz2Rf_AQuVA,2022-11-17 11:31:47,0,70,4,2,Rp 27
CV Ateka tehnik,,UCPxGHr2j4Y2Z52kTRcTw7rg,2021-06-11 12:39:29,0,99,1,2,Rp 27
Menjed🎧,,UC5cYA4S6nQMey_4ujemX4xg,2024-08-02 00:20:36,0,33,6,2,Rp 26
GEMPOLAN CHANNEL,,UCNGtj57HTSSjsrtaz5jrRaA,2020-05-13 05:16:55,6,120,1,2,Rp 26
Sikus Gumeng,,UCu1NgSiRbqxqLwgrwHB69uQ,2022-12-12 07:58:26,0,65,2,2,Rp 26
Ipan_ munggur,,UCU4oNqyRijGfTH_U0cCN9qA,2019-12-02 10:14:54,2,121,7,2,Rp 25
balong motovlog,,UCvc1ca9Lml7QEPokr1jOhhQ,2023-05-19 05:56:27,1,54,1,2,Rp 25
MasOrlando Ganten,,UC5hHrQJR-SUDYHebWfdJP2w,2024-10-26 11:17:01,0,26,1,2,Rp 24
Masakan Bunda Munggur,,UCjCmTNiPxgVoQzuY8EQDDsg,2017-07-27 03:16:06,3,160,22,2,Rp 24
KKN UNS Trengguli,,UCK1V8Lga48lQsF2wvN2eKYQ,2023-09-01 06:10:52,2,46,1,2,Rp 23
P3M Desa Gempolan,,UC5zkeZrulCz2VPh2EBY0sIw,2024-11-07 08:41:02,0,24,1,1,Rp 23
Rizal Lempong,,UCc1PtjIZqRjVK0JcB8cMS5A,2017-01-23 12:21:47,3,165,3,1,Rp 23
Tamansari,,UC1wsU_pyz6-3sYqast2PMBw,2023-09-04 04:34:44,4,45,1,1,Rp 23
Wata shiMbul,,UCIbC_1-Iw5nSX6EcNMGxSNA,2020-10-30 23:16:39,5,96,2,1,Rp 23
Botok Pua,,UCnzPf4KCuawNBgSFFGtVaiA,2019-10-11 13:18:27,1,113,4,1,Rp 22
EMPON EMPON MENJING JENAWI,,UCSOdmsrN-lhjciYX80PIuSw,2022-03-15 05:30:21,3,70,1,1,Rp 22
Kuto,,UCki7ISBip4fibcgWrpWZ7ug,2018-01-09 18:31:28,5,143,3,1,Rp 22
KKN UNS 154 KEDUNGJERUK,,UC2fxoDYkfCLBAbbG_wBiZ-w,2022-04-02 20:31:39,1,67,1,1,Rp 22
dusun anggrasmanis ,kegiatan warga Anggrasmanis sehari hari ,UCesagj_5ZHfyH8mxZn3Z3Mg,2025-08-01 13:13:13,0,10,1,1,Rp 22
KKN UNS 337 Trengguli,,UCEr3HhdBMhzHcRwaXJhApiQ,2024-09-12 01:57:14,0,25,1,1,Rp 22
Feri Hermianto,,UCfieV9nzINe-rNcSW9hqU0g,2015-10-15 02:09:41,6,169,2,1,Rp 21
LPP Bhakti Taruna Munggur Etan,"Channel resmi Karang Taruna Bhakti Taruna Munggur Etan, Mojogedang, Karanganyar.
Berisi dokumentasi kegiatan sosial, budaya, dan kebersamaan pemuda desa.
Yuk dukung dengan like, komen, dan subscribe! 
",UC9efb5A0E7aQWRSPiC91zKg,2024-10-02 04:52:02,3,23,1,1,Rp 21
Anto cah Menjing,,UCGd_FPHEygKrZ-39FSLzk-A,2017-04-02 19:09:11,1,144,6,1,Rp 21
Tamziz Sidomukti,,UCEnwM4-DTR-fWHvMAc_jA3w,2025-03-28 07:16:55,0,15,3,1,Rp 20
RA AL MUKMININ KEDUNGJERUK,,UCyHcAuxR9h9sGNKLgl4a-Kw,2024-05-11 06:48:54,0,29,1,1,Rp 20
Benjol Munggur GK,,UCLQqybgDwCw4F8wZ7qCEVAg,2019-04-29 17:07:36,1,109,2,1,Rp 20
Siswa sumberejo,,UCyAy6S4de7cRtEO2Ps__rRQ,2021-01-29 11:17:23,0,79,1,1,Rp 20
botok gaming,,UCEK0r7FLH94bO6XwIHyYQ7Q,2019-07-01 07:07:16,7,102,2,1,Rp 19
𐙚,,UC9xPVP9uYWK46Zxfb10o4PQ,2020-01-26 06:20:57,5,93,2,1,Rp 19
HUSEN. GUMENG,,UCUV-HWLYap_htG-qscEGeqQ,2025-05-17 16:13:24,22,12,1,1,Rp 19
Sriyatun Munggur,,UCcHpplnAcvNFRd8dMmENfnA,2024-09-15 09:05:48,0,22,2,1,Rp 19
Desa Kwadungan,,UCwJAiE5tedRUo5DEUYu09eA,2025-03-03 02:13:56,0,15,1,1,Rp 19
SD N 03 Seloromo,,UCeXIwkAeDNINkqcW4Oey5mw,2021-05-02 15:21:21,4,70,4,1,Rp 18
Sidomukti 1 Kasiman,,UCFEAxV8fIgJGIHDra6Fm1kQ,2021-04-14 13:16:02,2,69,1,1,Rp 18
Tamansari,,UCXiaH_CkDk8AkggdTLYIj_w,2023-09-16 08:17:55,1,34,1,1,Rp 18
Menjin,,UC8H7K01PueL35EJT6DLy3hg,2006-08-11 00:15:33,0,259,1,1,Rp 17
Paul Ganten,,UClg5MqVmE9F5Yz3oYFf1Z3w,2015-01-14 19:00:46,4,147,1,1,Rp 17
akeng kamal,,UCzdQK5zPekCyr8teFeX-a8A,2023-08-04 02:55:25,1,34,2,1,Rp 17
Botok channel,Jangan lupa like komen and supcribe,UCx87yOCVAD_1UwrgQZLWECw,2020-04-24 13:40:41,2,77,4,1,Rp 17
Cibo ganten,,UC5DW5MpPtIYNMA9p2JTJpqQ,2023-12-07 10:54:21,0,29,2,1,Rp 16
giat3 karangrejo,,UCtlxhapCPXZU0nNTSrj0qYA,2022-12-27 13:48:39,6,41,1,1,Rp 16
Ali ganten,,UClLUzL4je32WQCjZDdSjaRg,2026-02-22 01:25:03,0,1,2,1,Rp 16
cah anggrasmanis,,UCDhBUjqCqffo11YsXv5-7EQ,2012-01-07 12:27:00,1,165,1,1,Rp 15
Mbak botok,,UCuzNvSy_2DvCXDP9w4VNQzg,2024-06-15 10:01:21,0,20,6,1,Rp 15
Menco Trengguli,,UCEEdzouXyLL5hS0JbDt6ajw,2024-04-01 05:05:18,2,22,2,1,Rp 15
Lembah Jenawi,Menggambarkan betapa Luar Biasanya Potensi Pertanian di Kecamatan Jenawi untuk dikembangkan dalam upaya peningkatan kesejahteraan petani Jenawi,UCUt-SjE9YfrDV3Bo5PUNhgQ,2020-10-24 03:11:01,6,58,3,1,Rp 14
balong vlogs,,UCztT4xPUWMC4vzaHNHnlU1w,2022-09-27 13:44:07,2,37,3,1,Rp 14
Lempong Lempong,,UCC0hVVnCgx1sYl7gc4dhEqg,2024-04-28 13:12:56,1,19,2,1,Rp 13
Abdo gumeng,,UCqwmJ40LULtrukkLLe-au5Q,2020-12-01 17:24:18,14,53,1,1,Rp 13
Munggur channel,,UCSn7LlBsmf5iBDQaZCiKc4A,2019-03-15 12:03:53,12,67,1,1,Rp 12
Botok pot,"Chanel ini  membagikan video tentang permainan anak anak,@alibotok",UCaYZdPJKRdGmQN4cuE06T_w,2023-02-20 03:32:19,1,29,10,1,Rp 12
Sidomukti Keren,,UCnWXmloTlU789wzKWj4ORRw,2023-07-15 10:41:20,0,25,1,1,Rp 12
SDN Simo Kwadungan,,UC9FVxbhLkkOqmoE5qCXzt2g,2023-05-30 00:42:05,1,26,4,1,Rp 12
Arek Gumeng,,UC90vfiPBVmjSMOBJ7gcuDiA,2019-06-05 16:47:43,1,62,1,1,Rp 12
Botok,Két bot kalandja.,UCt23qlXqfZ_cpc09_Ie026w,2023-11-08 15:52:55,1,21,1,1,Rp 12
Botok Botok,,UCv_WD4A_HDouKu3eUhO6vrQ,2019-11-16 03:06:10,0,57,6,1,Rp 12
SD NEGERI SUMBEREJO 02,,UCCusy6rG6Xfg7IYh-xte3Bg,2022-05-02 10:54:16,1,34,2,1,Rp 11
Kuto!,A college kid streaming for fun who plays games and chills out. Join the community!,UCK8D1v1Y9m8yhpsiePqdn8g,2020-04-14 07:27:52,9,52,1,1,Rp 11
Totok gempolan,,UCarnv3gPXn-3D4aPvVer5UA,2018-09-28 03:40:10,1,65,2,1,Rp 11
Pondok Sitinggil Trengguli,,UCf-nOd6fR_I0fQFwndwId8g,2021-06-04 09:32:01,39,41,1,1,Rp 11
Kanaka menjing,,UCFlUeZ_nVRP19wCc-V8oJFg,2023-08-07 12:08:14,0,22,1,1,Rp 11
Kwadungan Coffee,"Coffee Farmer, Processor and Roastery",UCfl2N_rJ69i2RIsAkwksgnA,2017-12-05 04:37:14,8,70,1,1,Rp 11
contras Sidomukti,,UCYuLZOGleUvD0WDY4ikKN9w,2018-01-20 16:23:47,2,68,2,1,Rp 11
SD N 3 Kwadungan,,UCZFEhPZ9Wf0IYzFUmOfj8qQ,2025-05-02 02:36:45,0,7,1,1,Rp 11
Ganten A,"if you're from my school, get off my page. ",UCxv138mIHpq1sXlOIdyWqbQ,2023-09-19 20:58:20,2,20,1,1,Rp 10
Menjin Sangmo Tamang,,UCEU_Raus7y4ewab9tFxhTVw,2023-03-09 16:39:01,0,24,1,1,Rp 10
GrosiriaID,"Grosiria.id: Toko komputer dan elektronik TERLENGKAP SE-SURABAYA! 💻💡 Cari laptop, PC gaming, atau gadget terbaru? Semua ada di sini.
📍Jl. Embong Trengguli No.22, Surabaya

📍 Kunjungi toko kami atau belanja online di:
Shopee: Grosiria.ID
Tokopedia: Grosiria.ID
TikTok Shop: Grosiria.ID

Jangan lupa Subscribe untuk info produk terbaru, review, dan promo menarik! #GrosiriaID #TokoKomputerSurabaya #elektronikmurah  #shopee  #tokopedia  #tiktokshop 
",UCU4x5OFq0XtCY-PL106jmHQ,2025-12-02 02:48:59,0,2,3,1,Rp 10
trengguli sedulur kabeh,Jangan lupa subscriber👍✌️👌,UC7FCv-IW8QdtgE2-CWfe3IQ,2018-05-17 05:45:47,3,61,3,1,Rp 10
Yutub Sidomukti,"Assalamu'alaikum Warahmatullahi wa Barakaatuh saya membuat Chanel ini,untuk menghibur penonton,semoga video saya bermanfaat,,,😇😇😇",UCaCwnaWl7hnLqSI8m7_mC5Q,2021-12-07 14:41:03,16,33,4,1,Rp 10
Buyung Lempong,,UCBNG2_Y9-3oPDvmsgfaVIUA,2022-06-05 16:16:17,0,29,2,1,Rp 10
Lempong Pong,,UCxAzA-qo2rCJgRiHwiZinLA,2023-07-15 08:08:45,0,20,1,1,Rp 10
salvlog Tamansari,,UC1QjCbUAnc6TPEFvOj-N5SQ,2021-05-13 23:39:34,2,36,5,1,Rp 10
Widi Hariyanti,,UCCbV1GjdZt0s5n7gt2c0BZw,2017-12-09 07:06:42,1,60,1,1,Rp 9
Lempang Lempong,,UC7_f7oTzlD-8QwTbxjAQRmg,2021-08-11 14:40:46,1,33,1,1,Rp 9
ichal lempong,Pelajar SMA 2 Pinrang 📕📚,UCsD95v7wXE7_-IWY9xEFr2g,2019-08-29 00:22:09,2,46,11,1,Rp 9
Balong,,UCCU3Ub_18VY3BqIlgRkLzrw,2023-06-11 12:23:58,0,19,5,1,Rp 9
Prayitno Gempolan,,UCfucClwv3t3KK7CHyFy1jRw,2024-12-07 11:52:12,0,8,1,1,Rp 8
suprajitno kwadungan,,UC7ZcwNKMb-1XFO2qMz0hIMQ,2019-03-11 13:56:06,0,44,1,1,Rp 8
gempolan gurah,,UCmjaZkwjFWyg-C7pYTAGeig,2020-02-18 05:49:16,1,38,4,1,Rp 8
RJ audio ,INFO JOB hub mas riki alamat gondang rt02/rw03 kedungjeruk mojogedang karanganyar,UCHbHZta3dMGhecaBe0xzZuw,2022-12-15 01:20:47,5,20,1,1,Rp 8
Kuto,"I’m a freshman in high school and I love playing video games. My gaming videos consist of:
Rocket League
Apex Legends
TBD
Please Subscribe and Comment of what I should do!

Twitch: wav3ss_official",UCp9JxTJpEqdcsdHDM_lBSEg,2018-11-08 12:21:41,6,45,3,1,Rp 8
Jenn Menjin,,UC0d4UYH_Qe5XvJsY5XwlLUw,2012-09-27 18:52:05,1,81,6,0,Rp 8
Botok Rahayu,Sholawat,UCoSwKk0u5fwCsFUgGCMrfYQ,2019-03-17 01:22:37,3,42,1,0,Rp 8
TAWANGSARI M.P Channel,,UCtcVdDUoELTSWY26Rr8GZmQ,2019-01-05 19:46:13,3,42,3,0,Rp 7
Arlenton Menjin,,UCM6MXNHV9titcyPmSef1tkQ,2015-01-26 06:16:58,0,65,2,0,Rp 7
KKN-UNISSULA KELOMPOK 55 DESA TRENGGULI,6 REMAJA YANG INGIN MERUBAH DUNIA,UC_NuIeeUq3BRkXBZ5Nx96fg,2024-02-13 14:55:19,3,12,1,0,Rp 7
SIDOMUKTI SQUAT Channel,JANGAN LUPA SUBSCRIBE LIKE AND KOMEN,UCgqOhjew8GadMERnZ8aqsaw,2020-06-26 14:16:27,7,33,1,0,Rp 7
TITAN TRENGGULI,,UC4WPA2QhLI_n6aIoZKjFB6A,2020-07-10 05:43:53,1,32,2,0,Rp 7
Balong,,UC0N61MpU7EymraVAnoI7ZTg,2023-11-10 01:47:27,0,13,3,0,Rp 7
jelita kwadungan,,UCqUG7DojO91zCh3_5cQq0Aw,2021-10-27 10:46:55,0,24,3,0,Rp 7
yani,,UCGL2maR0-6KTCBdTPIB8w_Q,2022-05-12 13:12:56,2,21,1,0,Rp 7
MenJin Kim,ARMY PH Pearl 🇵🇭,UCVzPvPyk5ngNpY_zzKS3W4w,2017-10-15 15:09:51,19,46,2,0,Rp 7
BotoK,,UCl4vSRjuRyQLq8V0kmf8d2g,2024-06-30 19:19:32,2,9,2,0,Rp 7
VIRAL masklowong,#Ppalmujahid,UCcX_67STEGmzGw8IZjWiDbg,2017-12-14 22:45:55,0,44,4,0,Rp 7
Tawangsari Studio,,UCTCyhBf2EUDZfbDLoTCxR5Q,2022-10-20 13:42:18,2,18,1,0,Rp 7
Gumeng(mc server),,UCDNl9UVHSXJfx9ILypw9_UA,2025-06-02 08:23:07,0,4,1,0,Rp 7
@copyandi lempong,Welcome to my channel ♥️♥️,UCzVfWHG4vl_wXQxOCfZBbfQ,2023-06-28 04:53:43,0,14,2,0,Rp 7
sdn karangrejo,,UCGL8ICX9AupAPC3kP0Dc8yA,2023-06-24 16:59:54,0,14,1,0,Rp 7
lempong yt,,UCBLfnlAtDb-OpFbEPGWzaWg,2022-08-24 10:43:12,4,18,4,0,Rp 6
Gumeng Raya,,UCpi1mpoaaq1-ajHexSBvhkw,2019-08-24 06:52:35,1,33,1,0,Rp 6
ikiinanaaa,,UC0pSPCq4U-JyICgs-_TYJfQ,2020-10-30 04:42:31,1,27,2,0,Rp 6
Ono Hawe,,UC0bSDwkk0eTHauAwrEuEWuw,2018-08-09 14:55:51,0,38,4,0,Rp 6
biotrico sumberejo,,UCINPQWMB5MRxQzB73VIUuSw,2025-05-17 11:30:26,0,4,1,0,Rp 6
Gundul Official,,UCbvSJ6ejQEcl8Ruq8oFxrdA,2019-02-24 05:16:12,1,35,1,0,Rp 6
Balong,,UCPeTT_sPqp_GHUefvdSbR7g,2025-05-09 07:38:07,0,4,1,0,Rp 6
K Kuto,,UCKhl3By6KaAjj2nWJ_qsVtg,2025-02-23 16:02:53,0,5,3,0,Rp 6
Soearno 389,,UCkePCS1bZQtR7OkfrmBvi4Q,2017-02-07 08:57:09,0,44,5,0,Rp 6
cah munggur,,UC6LpY8HXqBtqtrsxEI_PAnw,2020-03-08 00:52:19,3,29,4,0,Rp 6
Gempolan Cell,,UC1oqMM2d6WAuKYmd8SHd4Ew,2020-12-17 09:11:45,0,25,2,0,Rp 6
Samilan Kwadungan,,UC1xADhKTAYqj2sKGAasETJg,2017-10-07 11:36:17,0,39,1,0,Rp 6
Balong TV,"FOOD
TRAVEL
AND 
EVERYDAY WORK",UCEunbZIvw5Vkg8N-lpnTwnA,2020-07-10 12:39:42,2,26,2,0,Rp 6
Wong Menjing Channel,"*🔥SALAM SEJAHTERA UNTUK KITA SEMUA 🔥*

Selamat datang di WONG MENJING CHANNEL, tempat di mana kita menjelajahi kehidupan dengan penuh makna dan inspirasi tentang pelajaran hidup yang mendalam, aktivitas keseharian yang bermakna, serta pengajian dan ceramah yang memotivasi untuk merenung, belajar, dan berkembang sebagai individu dalam menjalani kehidupan dengan lebih baik dengan wawasan keagamaan yang mendalam yang dapat memberikan fondasi yang kokoh untuk menjalani kehidupan yang bermakna dan bahagia menuju pemahaman yang lebih dalam tentang diri kita sendiri, hubungan dengan orang lain, dan hubungan dengan Sang Pencipta. 

Jangan lupa dukungan dan berlangganan WONG MENJING CHANNEL untuk tetap terhubung dengan konten-konten bermakna kami dan jadilah bagian dari komunitas yang saling mendukung dalam perjalanan kehidupan ini. Terima kasih telah bergabung dan mari kita bersama-sama tumbuh dan berkembang!
",UCKzkzpTiwMijuRIbvC1JuKw,2024-02-29 15:24:50,0,9,1,0,Rp 6
Kolo Menjing,,UCDAsEBTcCi03jbDXUKJec7g,2022-01-04 16:18:49,0,18,2,0,Rp 6
SDN5 KARANGREJO,,UCJpty3tu_sniBedx5szTM-Q,2020-08-04 02:25:04,0,24,2,0,Rp 5
Taman Sari,,UCRlnpvqWFc2o7cd-EUbzx1A,2024-07-15 14:20:39,0,7,1,0,Rp 5
ziz,Hi!,UC4CXlqT4KG9Gr5FD0H4hiLw,2018-09-02 16:30:40,14,32,3,0,Rp 5
Anto Botok,,UCELbmJ0_2p3a_SBFKs1nXlw,2020-12-21 02:16:24,0,22,1,0,Rp 5
Kuto-Tan,"Time to have a youtube channel with my VODs and maybe other types of videos!
I'm Kuto-Tan a Vtuber in the making!
I'm trying my best to learn how to do everything to be a great content Creator but still I have a lot of work to do!
",UCh73V_aDiKPL_M2wZaVOqUA,2019-09-26 11:09:09,10,27,4,0,Rp 5
kaifa tawangsari,,UC86iCBIFlACmw2iiJJGZi1Q,2013-06-05 19:51:26,0,53,3,0,Rp 5
Sinih Tawangsari,,UClrKWKXihddSY1wfbc5jE8g,2024-12-16 13:46:25,0,5,1,0,Rp 5
Gempolan Cell,,UCbz0WQCkFH6kiSGc4bTscPg,2017-10-25 03:45:34,1,34,1,0,Rp 5
RAHMAT GANTEN,,UCUVP-1URXWMqN-d47DVguCw,2024-12-01 13:05:52,0,5,2,0,Rp 5
Maem Botok,,UC4MKqP-fIh2o-7SPv-u5reA,2025-12-02 09:46:56,0,1,1,0,Rp 5
Tawangsari Squad,,UCMzNR-fDqBI56F-tPkqkpJw,2019-11-02 18:11:15,3,25,1,0,Rp 5
Sumberejo Chanell,Selamat menikmati,UC2zAAF5tyWYbosGyhOa3rog,2018-04-10 12:49:03,2,31,4,0,Rp 5
AnDi ganten,,UC_BXu6i8pZcK0ERo4hKNDrw,2025-02-09 03:30:07,2,4,1,0,Rp 5
Gempolan Cell,,UCDU6RjN_mlyVwOxoqJobnjA,2021-04-23 13:41:04,0,18,1,0,Rp 5
Hanif Ganten,,UCACpVcTAUQ-9i7VyNvptkaA,2013-12-28 03:55:49,1,45,1,0,Rp 5
gempolan Cell,,UC53P3c0H4wCB0ejgHaNiXFQ,2018-04-22 12:41:20,0,28,2,0,Rp 5
Lempong chanel,,UC8qo-pCfgio2N3B9ctgmMPQ,2016-10-25 12:49:51,0,33,3,0,Rp 4
Sidomukti Desaku,,UC4N5IiQ_Jfi5CazVPrgKBVA,2022-09-27 03:00:44,5,12,1,0,Rp 4
CREATOR SIDOMUKTI,,UCkeZixzQMWxbkMFcdZKbyOQ,2020-06-07 13:06:35,1,20,1,0,Rp 4
botak botok,,UCAC2cFpxVsHwimd2WOq70jQ,2019-07-14 11:07:54,1,23,1,0,Rp 4
Gini Ganten ,,UCUK5m0W5bWUNcZrxDPcbQPw,2025-04-21 09:01:57,0,3,1,0,Rp 4
Vivo Munggur,,UCn2SbNHJrh4vVQRApUzr7Vg,2022-09-08 14:26:36,0,12,5,0,Rp 4
Sidiq Menjing,,UCJc5kuQvmfh5LSOSMhckSAg,2018-07-25 10:56:09,0,26,4,0,Rp 4
Sumberejo Oficiall,,UCOfywvvDPmeNbdRd46lI4vg,2019-12-28 00:31:04,2,21,1,0,Rp 4
kolo menjing,,UCEobpQEwPN3EKE-KvbKmfqw,2018-10-22 18:06:04,4,24,6,0,Rp 4
Lastri Kwadungan,,UCPPgipBYxOQGe1WeDAzXrRw,2025-07-18 05:46:20,0,2,2,0,Rp 4
Bocah Gumeng,,UCoRIDY2UB9fTzWYsUQj8lSg,2021-09-21 11:37:12,3,14,2,0,Rp 4
ganten,plisssss sub,UCjQIXXdZtQSreTCBT9UPChw,2021-07-13 00:19:37,0,14,1,0,Rp 4
Pps Trengguli,"Sebagai sarana sosisalisai pemilihan umum, khususnya bagi warga Desa Trengguli dan  warga Kabupaten Demak pada  umumnya.",UCET9KqGYPGvVrtr6CvHuQ7w,2020-07-01 15:23:53,1,17,1,0,Rp 4
Lempong Project,,UCm8-NPk5Mssn_ydl9WLrcVw,2018-06-26 15:34:36,97,23,1,0,Rp 4
Balong Zulueta,,UCUk1HGbsAAJqiRbWN8L3CyQ,2024-10-16 13:24:45,0,4,2,0,Rp 4
KarangRejo Squad,"Selemat menonton teman sobat ngenskuy gua

YouTube channel:https://m.youtube.com/channel/UCoK1NmVLsykm1LfERkOz-xA
• • • • • • • • • • • • • • • • • • • • • • • • • • • • • • • • 
     ~~~~~~~~~subcribe~~~~~~~~~
• • • • • • • • • • • • • • • • • • • • • • • • • • • • • • • • 
Jangan lupa subscribe soal nya subscribe itu pemersatu bangsa, like, share, and distlike jika tidak suka
        ~~~~~~~~~thanks~~~~~~~~~",UCoK1NmVLsykm1LfERkOz-xA,2020-04-14 08:33:02,5,17,1,0,Rp 4
Botok Super,,UCkk7jtr9DAV_UXt12zgOh_w,2013-12-10 05:38:13,0,35,1,0,Rp 4
Gempolan Cell,,UCF31tcRzbSScqrR_76NmKUg,2023-01-09 11:40:14,0,9,2,0,Rp 4
Fa'izin_ Menjin,,UCIKxN5nWi-I_L479m2Bf8xQ,2014-04-07 11:55:10,0,34,3,0,Rp 4
Mbakyayuk Tamansari,,UC-B0jCLHij17-AWHqorOcDQ,2025-06-20 01:17:16,0,2,1,0,Rp 4
Desa Trengguli,,UClxJHkwCgnX9XuKupPBvsZQ,2023-09-13 03:20:09,0,7,2,0,Rp 4
Easy Botok,,UCQiZh8YlbwLHAThf-qDF6wQ,2021-06-21 10:43:35,0,13,3,0,Rp 4
Karangrejo Karangrejo,,UCgBxzl1uzRgJuvxh0iG-2MA,2023-01-30 10:19:32,0,8,3,0,Rp 3
KARANGREJO SLOW BASS,,UCXmsh5CiXDOG_pdBfILjfSw,2022-04-05 07:43:01,2,10,1,0,Rp 3
Sapek Gumeng,,UCO_gngVsUdqInhNSkuSsK7Q,2022-08-10 21:11:10,0,9,1,0,Rp 3
"SDN 02 TRENGGULI Jenawi, Karanganyar",,UCfEQaEYbq83BKKhYrtLlF1A,2020-10-24 01:37:39,1,13,1,0,Rp 3
Tawangsari Official,Campuran,UC4ya3gbxZBRsiPKiFvzWN9A,2022-08-23 12:35:32,0,8,2,0,Rp 3
tawang sari,,UCd9Vm9CM2iCGMhUsLSTPOKA,2020-05-19 06:44:19,2,13,1,0,Rp 3
Pendamping kec Kwadungan,,UCxEnzWOZT1uB9N_PChujbBA,2020-10-02 07:23:01,0,12,1,0,Rp 3
wowok ganten,,UCzdMycb33Kd-RoehKDYAJ6A,2024-10-24 14:40:16,0,3,1,0,Rp 3
Taa Gumeng VG !?,Taa_v,UC_LlNfOI-hYG7Fy4Jh52Ykw,2022-06-30 15:46:31,1,8,1,0,Rp 3
giyatmo giyat,,UCN-3-9g9wZ-qU6HCjE4WtbQ,2017-06-06 05:06:45,0,19,1,0,Rp 3
Ning Hana Parfum Kwadungan,,UCTAKWZfTaCg7Quwtc0rQtHw,2025-09-14 15:07:07,0,1,1,0,Rp 3
Bukori Tawangsari,,UCu8nsJTilvWk8REaW_1mkxw,2024-09-26 01:59:45,0,3,1,0,Rp 3
Riana Paramita,,UCgyYe7jBdWKlSeOlC1XFN1A,2024-09-21 10:07:10,0,3,1,0,Rp 3
tawangsari pujon,,UCKTbHZcKtz40uh0MO_bdjnw,2018-04-04 08:19:46,2,16,2,0,Rp 3
revita gempolan,,UCx00i6-2749gEi60mlQVeHA,2023-08-29 04:36:55,0,5,1,0,Rp 3
FF Gumeng,,UC6xbci457RM-XtIuRwWaFsg,2021-12-20 12:27:15,0,7,1,0,Rp 2
Gempolan Cell,,UCuTXPhX3GncaZp6-jJicAuA,2018-07-07 00:58:25,0,12,2,0,Rp 2
KuTo,"Just having a good time, all the time",UCR3dQlkaweO1gjHRiJVSsvg,2024-03-22 22:28:54,0,3,1,0,Rp 2
Kuto,,UC_A4_0Wes62uMWyEACbSpYg,2025-07-04 08:17:24,0,1,1,0,Rp 2
Balong,,UCnHWJbJhlwmhAAzchAsDAjA,2025-07-05 00:03:52,0,1,1,0,Rp 2
Haris Ganten,,UC0XCOruidCUb_ESxGx7n2xA,2024-10-30 02:03:14,0,2,1,0,Rp 2
Lempong se,,UCYbYpFn8AOL3LET-dduCgcQ,2020-02-01 09:55:10,2,9,1,0,Rp 2
trengguli demak,subcribe juragan support 1k sub 🤗🤗,UC0gv9v5YilJKklIgdhb5Idg,2024-01-08 01:39:40,0,3,1,0,Rp 2
polsek kwadungan,,UCgImNsEa7v5XvW-sMvfNrQw,2023-04-11 11:53:55,0,4,1,0,Rp 2
June ganten,,UChqadBQ4jJzCVHxVeqBeFSA,2021-07-26 11:01:21,0,6,2,0,Rp 2
Trengguli arts game,,UCBIgYXHTpTIHy_xXtWmo1hA,2016-04-24 04:42:34,0,12,1,0,Rp 2
Reski Ganten,,UCLjBk4MPMsrgK2TJq3maRsQ,2022-11-17 07:23:33,0,4,1,0,Rp 2
Abdul cucur Lempong,,UCRD8DH8Rx-wYH0i5VviauIA,2024-06-04 16:42:32,0,2,1,0,Rp 1
Putra Sumberejo,,UC3__w8fDc2Z9jkYHwUP6uYw,2019-01-10 17:27:08,1,8,1,0,Rp 1
Iksanputra Pratama menjing,,UCDXJRp2gHhL70F185t4yz7A,2024-05-20 00:47:41,0,2,1,0,Rp 1
Menjing R Marak,,UCY_9e7YhtqkCMsfIrsx6JFg,2018-11-26 05:24:27,1,8,1,0,Rp 1
Rijal Ganten,,UCGoGIjt8TEO7k5q2N-FBZPQ,2023-06-10 09:20:25,0,3,1,0,Rp 1
083_ Amarya Hening,,UCFyHthzqFh8NSC3z3JGbvAg,2015-08-16 09:20:55,0,11,1,0,Rp 1
#botok,karena hidup juga butuh motivasi :) #botok,UCG0M53M0sKT_Y-rKWNdozew,2021-02-16 15:46:53,0,5,1,0,Rp 1
Ono Gumeng,,UCLcj0oIFvpiutMQDGYW0B5A,2020-11-25 07:05:25,1,5,1,0,Rp 1
Carbun Tawangsari,,UCOL6MRUXO7osbJaAVtsRk2Q,2014-03-08 13:18:34,0,11,2,0,Rp 1
Balong,"Bagong mukbanger po, Balong, I hope na magustuhan nyo po ang mukbang videos ko. ",UC7kqUPV0IJacacDLTn23rVQ,2014-02-18 21:19:48,0,11,1,0,Rp 1
Gempolan Cell,,UCT_ZgSE7lBqBmlub3zE6NOA,2018-05-12 15:59:04,0,7,1,0,Rp 1
Balong,,UC3h5bvZgxxZ_CdGtgB7AEaA,2020-07-19 14:57:30,2,5,2,0,Rp 1
trucuk lempong,,UCfxyq2BQ8Oikj9Z-gSkYEWw,2020-07-02 10:13:04,0,5,1,0,Rp 1
Even Ganten,,UCnkrFkvYxfwxlOPJ7DlZ3zQ,2023-11-11 05:04:14,0,2,2,0,Rp 1
gaming munggur,Anjay heatshot,UCab2Xv6FdEgPZ72IXnPBqjg,2020-05-06 00:11:11,0,5,1,0,Rp 1
Swarno Trengguli,,UCX_4IFi4Pb1_lIKF4NR_SWg,2020-04-09 01:10:01,0,5,2,0,Rp 1
Balong Baylen,,UCuQkumlMz-aJhDXfTKIJqHQ,2023-10-23 00:03:09,0,2,1,0,Rp 1
Sugino Munggur,,UCKBPCp34BN2L_FpdWk2D8lg,2021-05-22 02:09:18,0,4,1,0,Rp 1
Younk Botok,,UC-Gef-9gyK7hqNa7XdI-gpw,2020-02-18 16:13:42,0,5,1,0,Rp 1
Dungus Kwadungan,,UCrTe2P8rTeVA5zNZnynqrjA,2017-08-22 09:32:45,2,7,1,0,Rp 1
Maryanto Gumeng,,UCSzzpcXJEhMWrhO99B3KCsA,2017-05-15 18:06:05,0,7,1,0,Rp 1
Gempolan Cell,,UCuGEiVykhTnFyr86bhZFzdg,2018-07-09 03:50:09,0,6,1,0,Rp 1
Botok,,UCRVY4c3uYnoZVXAXXSi2btA,2019-10-16 05:14:13,2,5,1,0,Rp 1
Blal soliman gumeng,يا جماعه انا هعمل محتويات جميله ومختلفه💪ويا رب تعجبكو المحتويات ال انا☺هنزله ولذمان تشتركو😚في القناه 😈وتفعلو الجرز😉ودوسو زر اليك ويا رب تعجبكو المحتويات الي انا هنزله❤❤❤💪👄,UCnFbyBMK-EAJoD50ZQNbykQ,2019-10-14 01:32:51,0,5,1,0,Rp 1
Sidomukti 1448,,UCM4blJflF01UlDEEPMIAR4w,2018-04-24 16:15:15,0,6,2,0,Rp 1
NoRestTillYou,"Hi, My name is George Menjin. I made this account for a couple of reasons. At first I was bored so i thought ""why not make another youtube account"" little did I know that a lot of my names I was going to choose were already taken. Then I thought hey why not call it NoRestTillYou.

This youtube account is made for people who have long distant relationships.I made this for my Best friend and his girlfriend. They are beating the odds and are having a long distant relationship,their love goes from coast to coast, literally. My best friend and I live in Boston and his girlfriend lives in California. They love each other very much and are seeing each other for the first time this summer. If they can do it, why not you.",UCJWGRPYDHuw91rBAbm9P3Yg,2009-01-11 07:16:03,0,13,1,0,Rp 1
Ali Ganten,,UCzwDcUJR_m5oaGFdH-x7Img,2021-10-26 16:28:56,0,3,1,0,Rp 1
Tawangsari Kalibader,,UCh5BpMxO7X2KcofmSs2DxRQ,2023-03-20 09:21:43,0,2,1,0,Rp 1
Ria Kwadungan,,UCQTL5CgdtYsZF-hxdeuglEw,2017-02-18 10:18:50,0,6,2,0,Rp 1
Enrique Menjin,,UCXt7DnuVuGTi57e1Jotm5Xg,2023-01-30 00:45:58,0,2,1,0,Rp 1
bassit botok,,UCB84a6ApZqujwriC84CO8CA,2019-07-14 10:20:27,0,4,1,0,Rp 1
Tawang Sari,,UCvzk-cMhP8ENTSKTlOVnBCA,2024-07-05 04:07:56,0,1,1,0,Rp 1
LEMPONG MAUNG,,UCgvJ9DPk1Zew_zJC6X8v0pA,2017-10-07 15:07:17,0,5,1,0,Rp 1
SDN01 ANGGRASMANIS,,UCMdLzN7JPmOPgrrXkvBdaww,2020-12-08 11:35:31,0,3,3,0,Rp 1
Dwiex Sumberejo,,UCg7yGBEvD22Y_LCX2lyG3CA,2018-08-11 14:47:39,0,4,1,0,Rp 1
Suharlan Menjing,,UCbcAZjXIlQfeFUamsmE-Ukw,2022-05-20 03:28:23,0,2,1,0,Rp 1
Faisol Menjing,,UCoRp36mpkzex84uqDjybDTg,2020-04-08 15:23:46,0,3,2,0,Rp 1
SIDOMUKTI TV,,UCwTL7bjVebHUYMjODCPMVzQ,2020-03-10 08:49:15,2,3,1,0,Rp 1
Mung Gur,,UCSH4EXq3iuJMax8rD58VNQw,2019-10-31 01:04:19,0,3,1,0,Rp 1
k. angelina.p,,UC3DwyEWdny-7bfbWVPuhIKA,2023-12-17 05:13:47,0,1,1,0,Rp 1
botok cin,,UCFdwKXGT85viRS88jRCgL2Q,2015-02-06 07:35:04,0,5,1,0,Rp 1
Sidomukti OFFICIAL,,UCRzgMDRCUXlqdQIJX2aEEVg,2021-09-19 12:53:27,0,2,1,0,Rp 1
Donny Ganten,,UCUwoP_U2oJDOwN_yrbIpgew,2014-03-22 13:09:26,0,5,1,0,Rp 1
balong,salising balong,UC1_6XKn9jK9sHBiakn64uog,2023-09-29 15:56:36,0,1,1,0,Rp 1
Gempolan 123,,UCN-kD4Aq9CJbDr6F4N4N8rA,2023-09-08 09:04:10,0,1,1,0,Rp 1
Bayu Ganten,,UCbDWAnrH7Fgp4L38yGbDx8g,2021-02-18 09:50:52,0,2,1,0,Rp 1
Adi Botok,,UCm92PAoXgf9EHVNJCpxMIjw,2020-11-05 23:40:06,0,2,1,0,Rp 0
Menjin Blooks,,UC1vUlPFO1rIC-Y4lO4ldqSw,2020-07-30 05:28:44,5,2,1,0,Rp 0
Programa Sumberejo,,UCrvuA0yDpMqOJMeOCenw_xg,2016-10-28 17:40:43,0,3,1,0,Rp 0
Klaraz Menjing,,UC1cP_rBCVpQsB0VTbLRjPXg,2016-10-21 09:58:21,0,3,2,0,Rp 0
Botok Azka,,UCdiGg-eZsFSI-cYuWA4ilLw,2022-08-10 04:56:05,0,1,1,0,Rp 0
Afgan Ganten,,UC0qNUGjODdz577J6KzcNAFw,2022-06-26 02:19:22,0,1,1,0,Rp 0
Gempolan Cell,,UCeaKVXzO5344QjulguCgyXw,2018-08-29 10:58:31,0,2,1,0,Rp 0
Very Sumberejo,,UCtRDnxT3PLfrJQlUW1QnG5A,2022-05-12 12:20:45,0,1,1,0,Rp 0
azmie uh,cah babar anggrasmanis jenawi kra,UCHvY2cKPXYwSM3zCW_8LPgw,2018-06-07 08:08:26,0,2,1,0,Rp 0
Najril Tawangsari,,UC1AOXVuwlVU-rgMsZZzG9GA,2022-02-15 07:51:31,0,1,1,0,Rp 0
XR GUMENG,,UClgirLqqnmVyALz_IgLbcAw,2022-02-04 20:42:19,0,1,1,0,Rp 0
Putra ganten,,UC_hCcXqEyfqok60EZMZpXZA,2021-07-14 02:41:10,0,1,1,0,Rp 0
Adi Ganten,,UCxlxmoFsxSbtSeJFyrhGrXg,2021-05-02 22:16:24,0,1,1,0,Rp 0
Gempolan Cell,,UC4L9SRo5MBoH9CBkOpIiMcQ,2021-01-25 15:47:53,0,1,1,0,Rp 0
Gumeng Bae,,UCq8muFb6zSwROtLDu63sFmQ,2020-08-14 23:25:59,0,1,1,0,Rp 0
BOTOK,,UC5wZJV5QYAPb1L-4bpaBhdQ,2020-04-30 16:44:13,0,1,1,0,Rp 0
gumeng Umarhadi,,UCb6xoRXfsxzoSAvRY9wh6dg,2020-02-01 14:06:05,0,1,1,0,Rp 0
Paul Ganten,Ghostly orbs ,UCK_EeRmDBPpMgWnIRFcT0LA,2012-01-15 08:26:01,0,2,1,0,Rp 0
Raja Gumeng,,UCKRC6HZtHxNwcXG5LXn-o6g,2019-01-14 14:08:55,0,1,1,0,Rp 0
Sukasmi Karangrejo,,UCekso-AiHINcKouQe6ovHow,2018-04-30 02:08:33,0,1,1,0,Rp 0
Gempolan Cell,,UCSU28ST0JJ3cSEULo_pMnDw,2018-02-18 04:41:03,0,1,1,0,Rp 0
Menjing Menjing menjing,,UCIol3muBzdnA7wN1Sg88THA,2017-11-30 05:42:16,0,1,1,0,Rp 0
Menjing Ch Marak,,UCwl5t8ReAnQ1FhkAH-n3XjA,2020-12-13 15:00:20,0,0,1,0,Rp 0
Likah Munggur,,UC7Ruaw_oSuxM1c4trOhvGSA,2023-10-13 06:37:40,0,0,1,0,Rp 0
Gempolan Cute,,UCvooYeh0T7psl2LOrK454aw,2020-08-29 12:54:26,0,0,1,0,Rp 0
Gempolan Jaya,,UCsk3oBFv3qeoMzpcFYoMSjg,2020-07-13 02:41:38,23,0,0,0,Rp 0
Riami Tawangsari,,UCQzx9NLXcMSqO7ObCtS6iCQ,2021-11-08 15:01:04,0,0,1,0,Rp 0
Botok Botok,,UCXvFousEGvS2EyCmffvWolw,2021-03-14 15:11:20,0,0,1,0,Rp 0
Botok Botok,,UC9zyUMqoBwOjCZwpcjhbo_w,2024-12-22 02:16:12,0,0,2,0,Rp 0
Botok,jangan lupa subscribe ,UCr6nu8h-13m-0Teyvjo5wSQ,2025-06-25 01:26:17,0,0,1,0,Rp 0
Lempong - Topic,,UCNq9JvJGcpj8VPd01xaxMDQ,2023-11-23 16:45:42,0,0,0,0,Rp 0
Tawang Sari,,UCSX4LG8NPlebxxC7Ny5x5DA,2023-10-16 07:45:20,0,0,1,0,Rp 0
Oping Gumeng,,UCyyoVcxHwpELQpsMWzXcbhg,2021-02-21 22:59:09,0,0,1,0,Rp 0
Lempong Fc,,UCFco0Xyb-m-6VkzQD1rZ-Ww,2022-12-17 10:52:51,0,0,1,0,Rp 0
ganten,,UCCBIrRyQtBPtuzKMTx7vcDg,2021-02-09 23:51:10,0,0,1,0,Rp 0
Gempolan Zho,,UC6fXYj-KrqJ75z7pBcSMXlQ,2023-11-09 01:14:39,0,0,1,0,Rp 0
Kuto,,UC868dFlL-rPHyo-YVr26D6Q,2014-06-05 01:58:07,19,0,0,0,Rp 0
ganten,siema,UCifJ3cwzbcBIezB0S8AIwOA,2017-07-24 22:02:07,99,0,0,0,Rp 0
Gempolan Cute,,UCwAWta7Up1Wu93rOlUkP6bA,2020-11-06 19:05:21,0,0,1,0,Rp 0
botok lamtoro,,UCAZymwiMmJ1OQCr-FXSuznw,2019-01-30 03:10:55,10,0,0,0,Rp 0
Dwi Anggrasmanis,,UCOgRFcIfUS-sNLA2FtnWwVQ,2020-12-27 06:08:17,0,0,1,0,Rp 0
Botok,,UCJhLvhJz5pEzykc8sTs5Wfw,2025-12-17 01:54:02,0,0,4,0,Rp 0
Mad Ganten,,UC_3zC-959GQqodK0zdQpjNw,2021-09-17 10:36:38,1,0,0,0,Rp 0
Taman Sari,,UCSqusbHjlPu3zs_EDv7_QpA,2026-02-24 08:44:51,0,0,1,0,Rp 0
Basiran Sumberejo,,UCl6J8VFOq1oy4-b5dyo6Y4g,2025-11-30 12:19:12,0,0,0,0,Rp 0
Lempong Lempong,,UCy6ES3GIDogGxqLh0v2b70w,2020-06-09 21:50:05,0,0,1,0,Rp 0
kuto,,UCGTHO2sJPaIigj2kLUNC_IA,2024-04-19 18:52:45,34,0,0,0,Rp 0
Erik Gempolan,,UCJOgWau5JLtz-5D_mhSQGRw,2018-04-10 13:36:30,0,0,1,0,Rp 0
@sumberejo ,,UCaxLxwWjgn7ThgPRxPF6t-w,2020-11-19 08:47:37,201,0,0,0,Rp 0
Lempong Id,,UC8IHFfVxX4SgTr_y-2SCZAQ,2020-12-05 21:23:08,0,0,2,0,Rp 0
Kades Lempong,,UCX1K5FR34qhK67NTACU7fQQ,2016-04-28 05:52:58,0,0,2,0,Rp 0
KuTo,"Young rap / beat artist from S.O.D.  
Our process is loading... from one day to another.
",UCp4rKUbCbNTo9mgVlEcqwLw,2016-01-03 16:05:15,54,0,0,0,Rp 0
Yesi Kwadungan,,UCPO_x0kQUxailItqu_xpwRw,2021-10-23 23:30:03,0,0,1,0,Rp 0
Erna Menjing,,UCGSGv9Myz-OSnjENtMIZYOQ,2020-07-17 07:54:29,0,0,1,0,Rp 0
fajelin Ganten,,UCTRIMmlZzL-OfDPZTg1KoPA,2025-09-30 11:52:18,0,0,2,0,Rp 0
Munggur Magdalena,,UCRZM7uWhcpoKJcL6yyk7Dqg,2025-05-12 05:05:44,0,0,2,0,Rp 0
Gempolan Cute,,UCpMg9c8gHf7xbZ6TsR7jJ7w,2020-12-30 12:38:31,0,0,1,0,Rp 0
GANTEN!,,UCuN7QdXYO973Mm_eUKn81Xg,2017-07-24 21:54:29,11,0,0,0,Rp 0
Salwa Alqassam,,UC1aoZPn5mPWns_PBTO036wg,2022-04-12 12:06:53,0,0,1,0,Rp 0
GANTEN,,UCIVL3tmLTFYZaETiaup_A_Q,2025-05-06 03:05:25,0,0,1,0,Rp 0
Aku Ganten,,UCrvLSLzDiBauB68cf21z82g,2025-03-15 03:58:03,0,0,1,0,Rp 0
Botok,,UCneTx0jUGe7P0RfXoIQpZeQ,2026-01-22 14:21:31,0,0,0,0,Rp 0
wakid trengguli,,UCAj95A3GiBamApvH6X1_jgw,2021-03-27 15:38:00,0,0,1,0,Rp 0
Balong,,UCssTSIhqAQsQ_lpGdMHaB_w,2026-01-04 10:46:14,0,0,0,0,Rp 0
Gempolan Cell,,UC_Mx47OordWwyGeAsTODi0w,2021-02-07 09:54:28,0,0,1,0,Rp 0
Umar Gumeng,,UCyYkzj2BxJjqYgpIw_jP2LA,2022-09-24 12:29:29,1,0,1,0,Rp 0
Balong,This channel is owned by my Brother ,UC2EMUoeVe-7Jons_gZUxLoQ,2020-05-26 10:00:43,63,0,0,0,Rp 0
Ana123 Munggur,,UCanQ4dLSzbDDKk7x70-dvFg,2023-09-14 12:59:52,0,0,1,0,Rp 0
Balong,,UCGhjH4GSRRX2L6-JRCM_grg,2015-12-26 05:34:58,1,0,0,0,Rp 0
Sat Munggur,,UCmpK-VFjA_RhaTbeTSlVqMA,2023-03-21 14:44:53,0,0,0,0,Rp 0
BaLong,"Hey!
Ein kurzer Überblick über diesen Kanal:
⬥ Videoessays über all mögliche Dinge
⬥ irgendwas lustiges, kreatives

Have Fun!

Kontakt
Instagram: https://www.instagram.com/longtastable
Twitter: https://twitter.com/SchwnzusLongus
Twitch: https://www.twitch.tv/balongtv
Soundcloud: https://soundcloud.com/balongmusic",UC73fBwSw9UwQuohOkhL3EXA,2013-07-16 18:27:58,112,0,0,0,Rp 0
Tawang Sari,,UCS0a5ZIZeZCFggGePbRobhA,2024-06-25 07:48:40,0,0,1,0,Rp 0
Kuto,"Trying to find a way to spend my whole life traveling.

Felt like this was a good start",UCapYGiWNZawoD6viGA-INuQ,2026-02-02 20:14:18,14,0,0,0,Rp 0
Ikin Ganten,,UCoPoDRm1rtUfzi8j8iNsNew,2020-03-17 10:13:11,1,0,1,0,Rp 0
Tamansari ,Tmnsr,UCYJGkicLOHLxPxtvbBrk1Ew,2023-06-27 23:52:28,10,0,0,0,Rp 0
susmiyanto tamansari,,UCDCpwvNL8ARx_hIFrGGR7cQ,2025-01-13 13:03:03,0,0,1,0,Rp 0
botak botok😝,ikut ti aku sampai 100.000 subcribe ya 😊,UCqKMBPnRl1uNpLDq5-70rig,2025-10-02 07:19:02,81,0,0,0,Rp 0
paryanti gumeng satu,,UCT6ZgT7Y3y_RtSgZrGE8xCA,2020-12-25 03:40:36,0,0,1,0,Rp 0
BASHAR gumeng,,UC8mVDgcs6KZFCxS0V0qBRMQ,2025-05-11 22:01:39,0,0,1,0,Rp 0
Gempolan Cell,,UCMPlzEqvsMtgnHKp9zb9JPQ,2018-04-04 08:23:01,0,0,1,0,Rp 0